-- phpMyAdmin SQL Dump
-- version 5.2.2deb1
-- https://www.phpmyadmin.net/
--
-- Host: localhost:3306
-- Generation Time: Aug 11, 2025 at 10:28 PM
-- Server version: 11.8.2-MariaDB-1 from Debian
-- PHP Version: 8.4.11

SET SQL_MODE = "NO_AUTO_VALUE_ON_ZERO";
START TRANSACTION;
SET time_zone = "+00:00";


/*!40101 SET @OLD_CHARACTER_SET_CLIENT=@@CHARACTER_SET_CLIENT */;
/*!40101 SET @OLD_CHARACTER_SET_RESULTS=@@CHARACTER_SET_RESULTS */;
/*!40101 SET @OLD_COLLATION_CONNECTION=@@COLLATION_CONNECTION */;
/*!40101 SET NAMES utf8mb4 */;

--
-- Database: `db_blog`
--

-- --------------------------------------------------------

--
-- Table structure for table `categories`
--

CREATE TABLE `categories` (
  `id` bigint(20) UNSIGNED NOT NULL,
  `name` longtext DEFAULT NULL,
  `slug` varchar(191) NOT NULL
) ENGINE=InnoDB DEFAULT CHARSET=utf8mb4 COLLATE=utf8mb4_uca1400_ai_ci;

--
-- Dumping data for table `categories`
--

INSERT INTO `categories` (`id`, `name`, `slug`) VALUES
(8, 'Lifestyle', 'lifestyle'),
(9, 'Finance', 'finance'),
(10, 'Health', 'health'),
(11, 'Education', 'education'),
(12, 'Health', 'health-1'),
(13, 'Lifestyle', 'lifestyle-1'),
(14, 'Technology', 'technology'),
(15, 'Education', 'education-1'),
(16, 'Finance', 'finance-1'),
(17, 'Education', 'education-2'),
(19, 'Finance', 'finance-3'),
(20, 'Lifestyle', 'lifestyle-2'),
(21, 'Education', 'education-3'),
(22, 'Health', 'health-2'),
(23, 'Health', 'health-3'),
(24, 'Finance', 'finance-4'),
(25, 'Lifestyle', 'lifestyle-3'),
(26, 'Technology', 'technology-1'),
(27, 'Lifestyle', 'lifestyle-4'),
(28, 'Finance', 'finance-5'),
(29, 'Lifestyle', 'lifestyle-5'),
(30, 'Lifestyle', 'lifestyle-6'),
(31, 'Health', 'health-4'),
(32, 'Technology', 'technology-2'),
(33, 'Lifestyle', 'lifestyle-7'),
(34, 'Finance', 'finance-6'),
(35, 'Finance', 'finance-7'),
(36, 'Health', 'health-5'),
(37, 'Technology', 'technology-3'),
(38, 'Lifestyle', 'lifestyle-8'),
(39, 'Finance', 'finance-8'),
(40, 'Technology', 'technology-4'),
(41, 'Health', 'health-6'),
(42, 'Education', 'education-4'),
(43, 'Health', 'health-7'),
(44, 'Finance', 'finance-9'),
(45, 'Finance', 'finance-10'),
(46, 'Lifestyle', 'lifestyle-9'),
(47, 'Finance', 'finance-11'),
(48, 'Technology', 'technology-5'),
(49, 'Lifestyle', 'lifestyle-10'),
(50, 'Technology', 'technology-6'),
(51, 'Finance', 'finance-2'),
(52, 'Health', 'health-8'),
(53, 'Lifestyle', 'lifestyle-11'),
(54, 'Education', 'education-5'),
(55, 'Health', 'health-9'),
(56, 'Health', 'health-10'),
(57, 'Finance', 'finance-12'),
(58, 'Technology', 'technology-7'),
(59, 'Technology', 'technology-8'),
(60, 'Health', 'health-11'),
(61, 'Finance', 'finance-13'),
(62, 'Health', 'health-12'),
(63, 'Finance', 'finance-14'),
(64, 'Health', 'health-13'),
(65, 'Finance', 'finance-15'),
(66, 'Lifestyle', 'lifestyle-12'),
(67, 'Lifestyle', 'lifestyle-13'),
(68, 'Lifestyle', 'lifestyle-14'),
(69, 'Finance', 'finance-16'),
(70, 'Lifestyle', 'lifestyle-15'),
(71, 'Health', 'health-14'),
(72, 'Lifestyle', 'lifestyle-16'),
(73, 'Health', 'health-15'),
(74, 'Lifestyle', 'lifestyle-17'),
(75, 'Education', 'education-6'),
(76, 'Lifestyle', 'lifestyle-18'),
(77, 'Health', 'health-16'),
(78, 'Technology', 'technology-9'),
(79, 'Technology', 'technology-10'),
(80, 'Technology', 'technology-11'),
(81, 'Education', 'education-7'),
(82, 'Technology', 'technology-12'),
(83, 'Health', 'health-17'),
(84, 'Lifestyle', 'lifestyle-19'),
(85, 'Lifestyle', 'lifestyle-20'),
(86, 'Technology', 'technology-13'),
(87, 'Health', 'health-18'),
(88, 'Finance', 'finance-17'),
(89, 'Technology', 'technology-14'),
(90, 'Finance', 'finance-18'),
(91, 'Technology', 'technology-15'),
(92, 'Lifestyle', 'lifestyle-21'),
(93, 'Finance', 'finance-19'),
(94, 'Education', 'education-8'),
(95, 'Lifestyle', 'lifestyle-22'),
(96, 'Education', 'education-9'),
(97, 'Health', 'health-19'),
(98, 'Finance', 'finance-20'),
(99, 'Technology', 'technology-16'),
(100, 'Technology', 'technology-17'),
(101, 'Education', 'education-10'),
(102, 'Health', 'health-20'),
(103, 'Health', 'health-21'),
(104, 'Education', 'education-11'),
(105, 'Technology', 'technology-18'),
(106, 'Lifestyle', 'lifestyle-23'),
(107, 'Finance', 'finance-21'),
(108, 'Lifestyle', 'lifestyle-24'),
(109, 'Education', 'education-12'),
(110, 'Technology', 'technology-19'),
(111, 'Finance', 'finance-22'),
(112, 'Health', 'health-22'),
(113, 'Lifestyle', 'lifestyle-25'),
(114, 'Technology', 'technology-20'),
(115, 'Education', 'education-13'),
(116, 'Education', 'education-14'),
(117, 'Education', 'education-15'),
(118, 'Finance', 'finance-23'),
(119, 'Finance', 'finance-24'),
(120, 'Technology', 'technology-21'),
(121, 'Finance', 'finance-25'),
(122, 'Health', 'health-23'),
(123, 'Education', 'education-16'),
(124, 'Finance', 'finance-26'),
(125, 'Technology', 'technology-22'),
(126, 'Technology', 'technology-23'),
(127, 'Health', 'health-24'),
(128, 'Health', 'health-25'),
(129, 'Health', 'health-26'),
(130, 'Finance', 'finance-27'),
(131, 'Health', 'health-27'),
(132, 'Lifestyle', 'lifestyle-26'),
(133, 'Finance', 'finance-28'),
(134, 'Health', 'health-28'),
(135, 'Lifestyle', 'lifestyle-27'),
(136, 'Finance', 'finance-29'),
(137, 'Lifestyle', 'lifestyle-28'),
(138, 'Lifestyle', 'lifestyle-29'),
(139, 'Health', 'health-29'),
(140, 'Lifestyle', 'lifestyle-30'),
(141, 'Finance', 'finance-30'),
(142, 'Finance', 'finance-31'),
(143, 'Health', 'health-30'),
(144, 'Health', 'health-31'),
(145, 'Health', 'health-32'),
(146, 'Technology', 'technology-24'),
(147, 'Lifestyle', 'lifestyle-31'),
(148, 'Education', 'education-17'),
(149, 'Health', 'health-33'),
(150, 'Finance', 'finance-32'),
(151, 'Finance', 'finance-33'),
(152, 'Lifestyle', 'lifestyle-32'),
(153, 'Lifestyle', 'lifestyle-33'),
(154, 'Finance', 'finance-34'),
(155, 'Lifestyle', 'lifestyle-34'),
(156, 'Education', 'education-18'),
(157, 'Finance', 'finance-35'),
(158, 'Finance', 'finance-36'),
(159, 'Lifestyle', 'lifestyle-35'),
(160, 'Education', 'education-19'),
(161, 'Technology', 'technology-25'),
(162, 'Technology', 'technology-26'),
(163, 'Technology', 'technology-27'),
(164, 'Lifestyle', 'lifestyle-36'),
(165, 'Lifestyle', 'lifestyle-37'),
(166, 'Health', 'health-34'),
(167, 'Health', 'health-35'),
(168, 'Health', 'health-36'),
(169, 'Technology', 'technology-28'),
(170, 'Education', 'education-20'),
(171, 'Finance', 'finance-37'),
(172, 'Finance', 'finance-38'),
(173, 'Education', 'education-21'),
(174, 'Lifestyle', 'lifestyle-38'),
(175, 'Finance', 'finance-39'),
(176, 'Health', 'health-37'),
(177, 'Technology', 'technology-29'),
(178, 'Finance', 'finance-40'),
(179, 'Health', 'health-38'),
(180, 'Lifestyle', 'lifestyle-39'),
(181, 'Technology', 'technology-30'),
(182, 'Education', 'education-22'),
(183, 'Lifestyle', 'lifestyle-40'),
(184, 'Lifestyle', 'lifestyle-41'),
(185, 'Education', 'education-23'),
(186, 'Technology', 'technology-31'),
(187, 'Education', 'education-24'),
(188, 'Health', 'health-39'),
(189, 'Health', 'health-40'),
(190, 'Technology', 'technology-32'),
(191, 'Finance', 'finance-41'),
(192, 'Technology', 'technology-33'),
(193, 'Health', 'health-41'),
(194, 'Education', 'education-25'),
(195, 'Lifestyle', 'lifestyle-42'),
(196, 'Health', 'health-42'),
(197, 'Finance', 'finance-42'),
(198, 'Lifestyle', 'lifestyle-43'),
(199, 'Health', 'health-43'),
(200, 'Lifestyle', 'lifestyle-44'),
(201, 'Technology', 'technology-34'),
(202, 'Lifestyle', 'lifestyle-45'),
(203, 'Finance', 'finance-43'),
(204, 'Education', 'education-26'),
(205, 'Health', 'health-44'),
(206, 'Health', 'health-45'),
(207, 'Lifestyle', 'lifestyle-46'),
(208, 'Lifestyle', 'lifestyle-47'),
(209, 'Lifestyle', 'lifestyle-48'),
(210, 'Health', 'health-46'),
(211, 'Technology', 'technology-35'),
(212, 'Finance', 'finance-44'),
(213, 'Technology', 'technology-36'),
(214, 'Education', 'education-27'),
(215, 'Health', 'health-47'),
(216, 'Technology', 'technology-37'),
(217, 'Education', 'education-28'),
(218, 'Lifestyle', 'lifestyle-49'),
(219, 'Lifestyle', 'lifestyle-50'),
(220, 'Lifestyle', 'lifestyle-51'),
(221, 'Health', 'health-48'),
(222, 'Health', 'health-49'),
(223, 'Finance', 'finance-45'),
(224, 'Education', 'education-29'),
(225, 'Lifestyle', 'lifestyle-52'),
(226, 'Lifestyle', 'lifestyle-53'),
(227, 'Lifestyle', 'lifestyle-54'),
(228, 'Health', 'health-50'),
(229, 'Lifestyle', 'lifestyle-55'),
(230, 'Finance', 'finance-46'),
(231, 'Technology', 'technology-38'),
(232, 'Finance', 'finance-47'),
(233, 'Finance', 'finance-48'),
(234, 'Health', 'health-51'),
(235, 'Education', 'education-30'),
(236, 'Finance', 'finance-49'),
(237, 'Education', 'education-31'),
(238, 'Education', 'education-32'),
(239, 'Lifestyle', 'lifestyle-56'),
(240, 'Lifestyle', 'lifestyle-57'),
(241, 'Lifestyle', 'lifestyle-58'),
(242, 'Health', 'health-52'),
(243, 'Finance', 'finance-50'),
(244, 'Lifestyle', 'lifestyle-59'),
(245, 'Lifestyle', 'lifestyle-60'),
(246, 'Technology', 'technology-39'),
(247, 'Lifestyle', 'lifestyle-61'),
(248, 'Lifestyle', 'lifestyle-62'),
(249, 'Health', 'health-53'),
(250, 'Health', 'health-54'),
(251, 'Lifestyle', 'lifestyle-63'),
(252, 'Lifestyle', 'lifestyle-64'),
(253, 'Technology', 'technology-40'),
(254, 'Finance', 'finance-51'),
(255, 'Lifestyle', 'lifestyle-65'),
(256, 'Lifestyle', 'lifestyle-66'),
(257, 'Finance', 'finance-52'),
(258, 'Lifestyle', 'lifestyle-67'),
(259, 'Finance', 'finance-53'),
(260, 'Lifestyle', 'lifestyle-68'),
(261, 'Lifestyle', 'lifestyle-69'),
(262, 'Finance', 'finance-54'),
(263, 'Finance', 'finance-55'),
(264, 'Finance', 'finance-56'),
(265, 'Finance', 'finance-57'),
(266, 'Lifestyle', 'lifestyle-70'),
(267, 'Lifestyle', 'lifestyle-71'),
(268, 'Technology', 'technology-41'),
(269, 'Technology', 'technology-42'),
(270, 'Health', 'health-55'),
(271, 'Education', 'education-33'),
(272, 'Technology', 'technology-43'),
(273, 'Finance', 'finance-58'),
(274, 'Finance', 'finance-59'),
(275, 'Lifestyle', 'lifestyle-72'),
(276, 'Technology', 'technology-44'),
(277, 'Health', 'health-56'),
(278, 'Education', 'education-34'),
(279, 'Finance', 'finance-60'),
(280, 'Technology', 'technology-45'),
(281, 'Education', 'education-35'),
(282, 'Lifestyle', 'lifestyle-73'),
(283, 'Lifestyle', 'lifestyle-74'),
(284, 'Finance', 'finance-61'),
(285, 'Education', 'education-36'),
(286, 'Technology', 'technology-46'),
(287, 'Health', 'health-57'),
(288, 'Finance', 'finance-62'),
(289, 'Technology', 'technology-47'),
(290, 'Lifestyle', 'lifestyle-75'),
(291, 'Technology', 'technology-48'),
(292, 'Finance', 'finance-63'),
(293, 'Finance', 'finance-64'),
(294, 'Technology', 'technology-49'),
(295, 'Lifestyle', 'lifestyle-76'),
(296, 'Lifestyle', 'lifestyle-77'),
(297, 'Health', 'health-58'),
(298, 'Health', 'health-59'),
(299, 'Finance', 'finance-65'),
(300, 'Lifestyle', 'lifestyle-78'),
(301, 'Technology', 'technology-50'),
(302, 'Health', 'health-60'),
(303, 'Health', 'health-61'),
(304, 'Education', 'education-37'),
(305, 'Lifestyle', 'lifestyle-79'),
(306, 'Technology', 'technology-51'),
(307, 'Lifestyle', 'lifestyle-80'),
(308, 'Health', 'health-62'),
(309, 'Health', 'health-63'),
(310, 'Health', 'health-64'),
(311, 'Technology', 'technology-52'),
(312, 'Technology', 'technology-53'),
(313, 'Finance', 'finance-66'),
(314, 'Technology', 'technology-54'),
(315, 'Finance', 'finance-67'),
(316, 'Finance', 'finance-68'),
(317, 'Finance', 'finance-69'),
(318, 'Education', 'education-38'),
(319, 'Lifestyle', 'lifestyle-81'),
(320, 'Health', 'health-65'),
(321, 'Health', 'health-66'),
(322, 'Education', 'education-39'),
(323, 'Education', 'education-40'),
(324, 'Lifestyle', 'lifestyle-82'),
(325, 'Education', 'education-41'),
(326, 'Health', 'health-67'),
(327, 'Lifestyle', 'lifestyle-83'),
(328, 'Technology', 'technology-55'),
(329, 'Finance', 'finance-70'),
(330, 'Health', 'health-68'),
(331, 'Education', 'education-42'),
(332, 'Technology', 'technology-56'),
(333, 'Health', 'health-69'),
(334, 'Health', 'health-70'),
(335, 'Lifestyle', 'lifestyle-84'),
(336, 'Education', 'education-43'),
(337, 'Finance', 'finance-71'),
(338, 'Health', 'health-71'),
(339, 'Lifestyle', 'lifestyle-85'),
(340, 'Health', 'health-72'),
(341, 'Finance', 'finance-72'),
(342, 'Lifestyle', 'lifestyle-86'),
(343, 'Education', 'education-44'),
(344, 'Finance', 'finance-73'),
(345, 'Education', 'education-45'),
(346, 'Lifestyle', 'lifestyle-87'),
(347, 'Finance', 'finance-74'),
(348, 'Finance', 'finance-75'),
(349, 'Education', 'education-46'),
(350, 'Education', 'education-47'),
(351, 'Education', 'education-48'),
(352, 'Education', 'education-49'),
(353, 'Technology', 'technology-57'),
(354, 'Lifestyle', 'lifestyle-88'),
(355, 'Technology', 'technology-58'),
(356, 'Lifestyle', 'lifestyle-89'),
(357, 'Finance', 'finance-76'),
(358, 'Health', 'health-73'),
(359, 'Health', 'health-74'),
(360, 'Technology', 'technology-59'),
(361, 'Lifestyle', 'lifestyle-90'),
(362, 'Education', 'education-50'),
(363, 'Health', 'health-75'),
(364, 'Technology', 'technology-60'),
(365, 'Health', 'health-76'),
(366, 'Technology', 'technology-61'),
(367, 'Finance', 'finance-77'),
(368, 'Finance', 'finance-78'),
(369, 'Finance', 'finance-79'),
(370, 'Technology', 'technology-62'),
(371, 'Health', 'health-77'),
(372, 'Education', 'education-51'),
(373, 'Lifestyle', 'lifestyle-91'),
(374, 'Finance', 'finance-80'),
(375, 'Health', 'health-78'),
(376, 'Technology', 'technology-63'),
(377, 'Lifestyle', 'lifestyle-92'),
(378, 'Technology', 'technology-64'),
(379, 'Education', 'education-52'),
(380, 'Health', 'health-79'),
(381, 'Finance', 'finance-81'),
(382, 'Technology', 'technology-65'),
(383, 'Lifestyle', 'lifestyle-93'),
(384, 'Health', 'health-80'),
(385, 'Technology', 'technology-66'),
(386, 'Finance', 'finance-82'),
(387, 'Health', 'health-81');

-- --------------------------------------------------------

--
-- Table structure for table `posts`
--

CREATE TABLE `posts` (
  `id` bigint(20) UNSIGNED NOT NULL,
  `category_id` bigint(20) UNSIGNED DEFAULT NULL,
  `title` longtext DEFAULT NULL,
  `content` longtext DEFAULT NULL,
  `thumbnail` longtext DEFAULT NULL,
  `user_id` bigint(20) UNSIGNED DEFAULT NULL,
  `created_at` datetime(3) DEFAULT NULL,
  `updated_at` datetime(3) DEFAULT NULL,
  `slug` varchar(191) NOT NULL
) ENGINE=InnoDB DEFAULT CHARSET=utf8mb4 COLLATE=utf8mb4_uca1400_ai_ci;

--
-- Dumping data for table `posts`
--

INSERT INTO `posts` (`id`, `category_id`, `title`, `content`, `thumbnail`, `user_id`, `created_at`, `updated_at`, `slug`) VALUES
(37, 90, 'Consequatur accusantium voluptatem aut sit perferendis.', 'Perferendis accusantium voluptatem sit aut consequatur. Accusantium voluptatem aut consequatur perferendis sit. Voluptatem sit consequatur aut accusantium perferendis. Sit voluptatem consequatur accusantium aut perferendis. Aut voluptatem sit accusantium perferendis consequatur.', 'https://kQAOVXV.biz/', 105, '2025-08-08 07:00:48.479', '2025-08-08 07:00:48.479', 'consequatur-accusantium-voluptatem-aut-sit-perferendis'),
(38, 249, 'Perferendis voluptatem consequatur accusantium aut sit.', 'Accusantium consequatur perferendis sit voluptatem aut. Sit consequatur accusantium perferendis aut voluptatem. Consequatur aut voluptatem accusantium perferendis sit. Perferendis aut voluptatem consequatur accusantium sit. Consequatur voluptatem aut accusantium sit perferendis. Sit accusantium perferendis voluptatem aut consequatur. Consequatur sit aut voluptatem accusantium perferendis.', 'http://GPLDsNF.org/iRRcIef.php', 112, '2025-08-08 07:00:48.479', '2025-08-08 07:00:48.479', 'perferendis-voluptatem-consequatur-accusantium-aut-sit'),
(39, 297, 'Aut consequatur voluptatem sit accusantium perferendis.', 'Accusantium aut sit voluptatem perferendis consequatur. Voluptatem sit consequatur aut perferendis accusantium. Perferendis aut sit voluptatem accusantium consequatur. Aut perferendis sit accusantium consequatur voluptatem. Voluptatem consequatur accusantium perferendis aut sit.', 'http://MTKmbjI.com/', 239, '2025-08-08 07:00:48.479', '2025-08-08 07:00:48.479', 'aut-consequatur-voluptatem-sit-accusantium-perferendis'),
(40, 23, 'Consequatur accusantium aut voluptatem perferendis sit.', 'Aut perferendis sit accusantium consequatur voluptatem. Perferendis consequatur voluptatem aut accusantium sit. Aut sit consequatur accusantium perferendis voluptatem.', 'https://yRfAxcE.org/', 151, '2025-08-08 07:00:48.479', '2025-08-08 07:00:48.479', 'consequatur-accusantium-aut-voluptatem-perferendis-sit'),
(41, 283, 'Accusantium perferendis consequatur aut sit voluptatem.', 'Perferendis voluptatem sit accusantium consequatur aut. Aut consequatur perferendis sit accusantium voluptatem. Accusantium voluptatem sit consequatur perferendis aut. Sit aut voluptatem consequatur accusantium perferendis. Consequatur voluptatem aut accusantium sit perferendis. Perferendis voluptatem sit consequatur accusantium aut. Sit consequatur voluptatem perferendis accusantium aut.', 'http://www.cqHPHQN.ru/', 109, '2025-08-08 07:00:48.479', '2025-08-08 07:00:48.479', 'accusantium-perferendis-consequatur-aut-sit-voluptatem'),
(42, 177, 'Voluptatem sit consequatur aut accusantium perferendis.', 'Accusantium aut sit voluptatem perferendis consequatur. Voluptatem perferendis aut accusantium consequatur sit. Perferendis voluptatem accusantium consequatur aut sit. Aut voluptatem perferendis sit consequatur accusantium. Sit consequatur accusantium perferendis voluptatem aut. Perferendis consequatur accusantium voluptatem aut sit. Accusantium sit perferendis aut voluptatem consequatur. Aut sit consequatur voluptatem accusantium perferendis. Voluptatem perferendis sit consequatur accusantium aut.', 'https://QIontZW.org/', 261, '2025-08-08 07:00:48.479', '2025-08-08 07:00:48.479', 'voluptatem-sit-consequatur-aut-accusantium-perferendis'),
(43, 79, 'Perferendis voluptatem sit accusantium aut consequatur.', 'Accusantium aut perferendis voluptatem consequatur sit. Sit aut accusantium voluptatem perferendis consequatur. Voluptatem accusantium sit perferendis consequatur aut. Consequatur perferendis accusantium aut voluptatem sit. Accusantium perferendis aut sit voluptatem consequatur. Aut consequatur voluptatem perferendis accusantium sit. Aut consequatur voluptatem sit perferendis accusantium. Aut consequatur sit voluptatem perferendis accusantium. Accusantium voluptatem aut consequatur sit perferendis.', 'https://USWhgKW.net/hctdUmv', 30, '2025-08-08 07:00:48.479', '2025-08-08 07:00:48.479', 'perferendis-voluptatem-sit-accusantium-aut-consequatur'),
(44, 66, 'Sit perferendis accusantium consequatur voluptatem aut.', 'Perferendis sit consequatur aut accusantium voluptatem. Consequatur aut perferendis voluptatem accusantium sit. Consequatur aut perferendis accusantium sit voluptatem. Voluptatem perferendis consequatur sit accusantium aut. Sit perferendis consequatur accusantium voluptatem aut. Aut accusantium voluptatem perferendis consequatur sit.', 'https://xbEudJo.biz/mBoNxof.html', 189, '2025-08-08 07:00:48.479', '2025-08-08 07:00:48.479', 'sit-perferendis-accusantium-consequatur-voluptatem-aut'),
(45, 65, 'Voluptatem sit aut perferendis consequatur accusantium.', 'Accusantium voluptatem aut perferendis consequatur sit. Consequatur voluptatem sit aut perferendis accusantium. Consequatur voluptatem aut perferendis sit accusantium. Sit perferendis consequatur voluptatem aut accusantium. Perferendis aut sit accusantium consequatur voluptatem.', 'https://lgyweGH.ru/fHHvpxE', 156, '2025-08-08 07:00:48.479', '2025-08-08 07:00:48.479', 'voluptatem-sit-aut-perferendis-consequatur-accusantium'),
(46, 70, 'Aut voluptatem accusantium sit consequatur perferendis.', 'Sit voluptatem aut consequatur accusantium perferendis. Aut sit accusantium consequatur voluptatem perferendis. Perferendis accusantium aut voluptatem consequatur sit. Accusantium perferendis voluptatem aut consequatur sit. Consequatur accusantium voluptatem aut perferendis sit. Consequatur voluptatem sit accusantium aut perferendis. Perferendis consequatur voluptatem accusantium sit aut. Aut voluptatem consequatur accusantium sit perferendis. Accusantium sit perferendis voluptatem aut consequatur. Perferendis voluptatem consequatur accusantium sit aut.', 'https://klRRiUY.net/hWeTtHt.php', 340, '2025-08-08 07:00:48.479', '2025-08-08 07:00:48.479', 'aut-voluptatem-accusantium-sit-consequatur-perferendis'),
(47, 121, 'Accusantium perferendis aut sit consequatur voluptatem.', 'Accusantium sit consequatur perferendis aut voluptatem. Sit accusantium consequatur voluptatem perferendis aut. Consequatur perferendis sit voluptatem aut accusantium. Voluptatem perferendis accusantium aut sit consequatur. Sit aut consequatur accusantium voluptatem perferendis. Sit accusantium aut consequatur voluptatem perferendis. Accusantium voluptatem sit consequatur aut perferendis. Consequatur accusantium perferendis aut voluptatem sit.', 'https://aMXIomb.biz/', 373, '2025-08-08 07:00:58.166', '2025-08-08 07:00:58.166', 'accusantium-perferendis-aut-sit-consequatur-voluptatem'),
(48, 34, 'Voluptatem consequatur perferendis sit aut accusantium.', 'Sit voluptatem aut consequatur accusantium perferendis.', 'http://tUJqJLw.com/BBbAUhG', 355, '2025-08-08 07:00:58.166', '2025-08-08 07:00:58.166', 'voluptatem-consequatur-perferendis-sit-aut-accusantium'),
(49, 164, 'Accusantium aut voluptatem consequatur perferendis sit.', 'Consequatur aut accusantium sit voluptatem perferendis. Accusantium voluptatem consequatur sit perferendis aut. Sit accusantium aut perferendis voluptatem consequatur.', 'https://iMNigZQ.biz/gnVrEmV', 89, '2025-08-08 07:00:58.166', '2025-08-08 07:00:58.166', 'accusantium-aut-voluptatem-consequatur-perferendis-sit'),
(50, 228, 'Accusantium perferendis sit aut consequatur voluptatem.', 'Perferendis accusantium consequatur sit voluptatem aut. Sit accusantium consequatur aut perferendis voluptatem. Aut perferendis accusantium sit consequatur voluptatem. Aut accusantium consequatur sit perferendis voluptatem. Voluptatem accusantium perferendis sit consequatur aut. Aut accusantium sit consequatur voluptatem perferendis. Aut sit consequatur voluptatem perferendis accusantium. Consequatur aut perferendis sit voluptatem accusantium. Perferendis consequatur aut voluptatem sit accusantium. Sit voluptatem perferendis accusantium aut consequatur.', 'https://EklykHo.biz/yfqbARt.php', 28, '2025-08-08 07:00:58.166', '2025-08-08 07:00:58.166', 'accusantium-perferendis-sit-aut-consequatur-voluptatem'),
(51, 133, 'Sit voluptatem consequatur perferendis accusantium aut.', 'Consequatur accusantium perferendis voluptatem sit aut.', 'http://vQvYiga.net/hbbQMic', 79, '2025-08-08 07:00:58.166', '2025-08-08 07:00:58.166', 'sit-voluptatem-consequatur-perferendis-accusantium-aut'),
(52, 260, 'Aut perferendis sit voluptatem accusantium consequatur.', 'Perferendis accusantium aut consequatur sit voluptatem. Voluptatem consequatur accusantium perferendis sit aut. Sit accusantium aut perferendis consequatur voluptatem.', 'http://www.eicEmcR.com/', 346, '2025-08-08 07:00:58.166', '2025-08-08 07:00:58.166', 'aut-perferendis-sit-voluptatem-accusantium-consequatur'),
(53, 327, 'Accusantium sit perferendis voluptatem consequatur aut.', 'Perferendis voluptatem aut accusantium consequatur sit. Consequatur voluptatem sit perferendis accusantium aut. Accusantium consequatur perferendis voluptatem aut sit. Voluptatem aut perferendis consequatur sit accusantium.', 'http://iuZlQAF.net/', 288, '2025-08-08 07:00:58.166', '2025-08-08 07:00:58.166', 'accusantium-sit-perferendis-voluptatem-consequatur-aut'),
(54, 132, 'Accusantium voluptatem perferendis aut sit consequatur.', 'Voluptatem sit consequatur accusantium aut perferendis. Aut perferendis voluptatem sit accusantium consequatur. Consequatur perferendis aut sit voluptatem accusantium. Aut perferendis sit consequatur voluptatem accusantium. Sit consequatur accusantium perferendis voluptatem aut. Sit consequatur perferendis voluptatem accusantium aut. Accusantium voluptatem sit aut consequatur perferendis. Aut consequatur perferendis accusantium sit voluptatem. Perferendis consequatur voluptatem aut accusantium sit. Sit consequatur voluptatem aut accusantium perferendis.', 'http://www.yGtGLYw.com/wyBDKDw', 221, '2025-08-08 07:00:58.166', '2025-08-08 07:00:58.166', 'accusantium-voluptatem-perferendis-aut-sit-consequatur'),
(55, 23, 'Sit accusantium voluptatem aut consequatur perferendis.', 'Accusantium perferendis consequatur voluptatem sit aut. Perferendis sit aut accusantium consequatur voluptatem. Sit accusantium consequatur perferendis voluptatem aut. Sit accusantium consequatur voluptatem aut perferendis. Aut consequatur accusantium perferendis sit voluptatem. Sit aut accusantium voluptatem consequatur perferendis. Aut perferendis sit accusantium consequatur voluptatem. Sit aut voluptatem perferendis accusantium consequatur. Aut voluptatem perferendis accusantium consequatur sit.', 'http://AgDSvJd.com/VbRASkN.php', 318, '2025-08-08 07:00:58.166', '2025-08-08 07:00:58.166', 'sit-accusantium-voluptatem-aut-consequatur-perferendis'),
(56, 260, 'Aut sit voluptatem consequatur perferendis accusantium.', 'Accusantium perferendis consequatur sit voluptatem aut. Aut accusantium voluptatem perferendis consequatur sit. Perferendis accusantium sit aut voluptatem consequatur. Consequatur sit accusantium perferendis voluptatem aut. Aut sit consequatur voluptatem accusantium perferendis.', 'https://UNMiyaK.com/iugwdXg.php', 32, '2025-08-08 07:00:58.166', '2025-08-08 07:00:58.166', 'aut-sit-voluptatem-consequatur-perferendis-accusantium'),
(57, 45, 'Accusantium consequatur perferendis sit voluptatem aut.', 'Consequatur accusantium sit aut voluptatem perferendis. Sit perferendis aut consequatur accusantium voluptatem. Aut voluptatem consequatur perferendis accusantium sit. Voluptatem aut consequatur accusantium perferendis sit. Perferendis consequatur voluptatem aut accusantium sit. Voluptatem accusantium aut sit perferendis consequatur. Accusantium sit voluptatem perferendis aut consequatur. Aut voluptatem sit consequatur accusantium perferendis. Accusantium aut consequatur perferendis sit voluptatem.', 'http://sRNytAD.biz/gGnWIWL.html', 235, '2025-08-08 07:01:00.154', '2025-08-08 07:01:00.154', 'accusantium-consequatur-perferendis-sit-voluptatem-aut'),
(58, 174, 'Accusantium consequatur aut perferendis sit voluptatem.', 'Voluptatem sit aut perferendis consequatur accusantium. Voluptatem sit accusantium aut perferendis consequatur. Consequatur perferendis sit accusantium voluptatem aut. Perferendis accusantium consequatur voluptatem sit aut. Perferendis voluptatem consequatur aut accusantium sit. Voluptatem sit consequatur accusantium aut perferendis. Voluptatem aut perferendis consequatur sit accusantium. Consequatur sit voluptatem perferendis accusantium aut. Sit accusantium aut perferendis consequatur voluptatem. Sit consequatur perferendis voluptatem aut accusantium.', 'https://QChEpGP.info/iGGfBKX', 46, '2025-08-08 07:01:00.154', '2025-08-08 07:01:00.154', 'accusantium-consequatur-aut-perferendis-sit-voluptatem'),
(59, 284, 'Accusantium aut consequatur voluptatem sit perferendis.', 'Consequatur aut perferendis voluptatem accusantium sit. Aut consequatur sit voluptatem accusantium perferendis. Perferendis accusantium voluptatem sit consequatur aut. Sit aut voluptatem perferendis accusantium consequatur.', 'http://www.GQKpGCh.org/', 194, '2025-08-08 07:01:00.154', '2025-08-08 07:01:00.154', 'accusantium-aut-consequatur-voluptatem-sit-perferendis'),
(60, 127, 'Accusantium perferendis voluptatem consequatur sit aut.', 'Consequatur aut sit voluptatem perferendis accusantium. Aut accusantium perferendis sit voluptatem consequatur.', 'https://www.WTULdKN.ru/XMiCNmR', 362, '2025-08-08 07:01:00.154', '2025-08-08 07:01:00.154', 'accusantium-perferendis-voluptatem-consequatur-sit-aut'),
(61, 42, 'Sit consequatur aut accusantium voluptatem perferendis.', 'Aut consequatur sit perferendis voluptatem accusantium. Perferendis sit aut consequatur accusantium voluptatem. Aut perferendis consequatur sit voluptatem accusantium. Voluptatem sit perferendis aut accusantium consequatur. Aut voluptatem sit accusantium perferendis consequatur. Perferendis consequatur aut sit accusantium voluptatem. Accusantium aut consequatur sit perferendis voluptatem.', 'http://www.gRcqYPN.org/', 303, '2025-08-08 07:01:00.154', '2025-08-08 07:01:00.154', 'sit-consequatur-aut-accusantium-voluptatem-perferendis'),
(62, 75, 'Consequatur aut accusantium sit perferendis voluptatem.', 'Voluptatem sit perferendis accusantium consequatur aut. Sit aut voluptatem accusantium perferendis consequatur. Consequatur sit voluptatem accusantium aut perferendis. Aut voluptatem consequatur accusantium sit perferendis. Aut perferendis accusantium consequatur sit voluptatem. Aut perferendis consequatur sit accusantium voluptatem. Accusantium perferendis voluptatem consequatur aut sit. Accusantium voluptatem sit consequatur aut perferendis. Sit voluptatem consequatur aut perferendis accusantium.', 'https://UKtqCdf.ru/uGGjdYQ.html', 106, '2025-08-08 07:01:00.154', '2025-08-08 07:01:00.154', 'consequatur-aut-accusantium-sit-perferendis-voluptatem'),
(63, 230, 'Accusantium aut sit consequatur perferendis voluptatem.', 'Consequatur aut perferendis sit voluptatem accusantium. Perferendis voluptatem accusantium consequatur aut sit. Perferendis consequatur accusantium voluptatem sit aut. Perferendis voluptatem consequatur aut sit accusantium. Perferendis sit consequatur aut accusantium voluptatem.', 'https://tLsqbEZ.biz/MDGiokw.html', 142, '2025-08-08 07:01:00.154', '2025-08-08 07:01:00.154', 'accusantium-aut-sit-consequatur-perferendis-voluptatem'),
(64, 327, 'Voluptatem perferendis aut consequatur accusantium sit.', 'Consequatur perferendis aut sit voluptatem accusantium. Aut accusantium sit consequatur voluptatem perferendis. Consequatur aut sit perferendis accusantium voluptatem. Sit aut voluptatem perferendis consequatur accusantium. Perferendis voluptatem aut accusantium sit consequatur. Consequatur voluptatem sit aut accusantium perferendis. Voluptatem consequatur sit accusantium aut perferendis.', 'https://www.fXYkGoX.net/', 341, '2025-08-08 07:01:00.154', '2025-08-08 07:01:00.154', 'voluptatem-perferendis-aut-consequatur-accusantium-sit'),
(65, 344, 'Sit aut consequatur voluptatem perferendis accusantium.', 'Consequatur voluptatem perferendis sit accusantium aut. Voluptatem aut consequatur perferendis sit accusantium. Sit consequatur voluptatem aut perferendis accusantium. Voluptatem consequatur aut perferendis sit accusantium. Aut sit perferendis voluptatem consequatur accusantium. Accusantium voluptatem consequatur aut sit perferendis. Voluptatem aut sit consequatur accusantium perferendis.', 'https://FjJvexR.com/NnbTegA.php', 193, '2025-08-08 07:01:00.154', '2025-08-08 07:01:00.154', 'sit-aut-consequatur-voluptatem-perferendis-accusantium'),
(66, 150, 'Sit aut accusantium consequatur voluptatem perferendis.', 'Accusantium sit aut perferendis voluptatem consequatur.', 'http://vJJGuQg.com/ZYYSdJB', 214, '2025-08-08 07:01:00.154', '2025-08-08 07:01:00.154', 'sit-aut-accusantium-consequatur-voluptatem-perferendis'),
(67, 243, 'Voluptatem consequatur aut sit perferendis accusantium.', 'Aut accusantium voluptatem sit perferendis consequatur. Voluptatem aut accusantium perferendis sit consequatur. Accusantium aut consequatur perferendis voluptatem sit. Sit accusantium voluptatem aut perferendis consequatur. Consequatur voluptatem aut accusantium sit perferendis. Accusantium voluptatem aut consequatur sit perferendis. Sit perferendis voluptatem consequatur aut accusantium. Perferendis consequatur voluptatem accusantium sit aut. Sit accusantium consequatur aut perferendis voluptatem.', 'https://saUJblq.org/odMMetY', 168, '2025-08-08 07:01:02.155', '2025-08-08 07:01:02.155', 'voluptatem-consequatur-aut-sit-perferendis-accusantium'),
(68, 341, 'Perferendis aut sit consequatur accusantium voluptatem.', 'Consequatur perferendis aut voluptatem sit accusantium. Aut voluptatem accusantium consequatur perferendis sit. Consequatur accusantium perferendis sit voluptatem aut. Sit voluptatem accusantium aut consequatur perferendis. Sit consequatur accusantium aut voluptatem perferendis. Perferendis voluptatem sit consequatur aut accusantium.', 'http://CwdlPrL.com/', 179, '2025-08-08 07:01:02.155', '2025-08-08 07:01:02.155', 'perferendis-aut-sit-consequatur-accusantium-voluptatem'),
(69, 224, 'Sit perferendis voluptatem consequatur aut accusantium.', 'Aut perferendis accusantium consequatur sit voluptatem. Voluptatem consequatur accusantium perferendis sit aut. Sit perferendis accusantium consequatur voluptatem aut. Sit aut voluptatem perferendis accusantium consequatur.', 'https://DskurUp.info/', 140, '2025-08-08 07:01:02.155', '2025-08-08 07:01:02.155', 'sit-perferendis-voluptatem-consequatur-aut-accusantium'),
(70, 178, 'Perferendis sit aut voluptatem consequatur accusantium.', 'Accusantium sit aut perferendis consequatur voluptatem. Perferendis consequatur accusantium aut voluptatem sit. Accusantium aut perferendis voluptatem sit consequatur. Perferendis sit accusantium aut voluptatem consequatur.', 'https://yQTjdew.org/', 185, '2025-08-08 07:01:02.155', '2025-08-08 07:01:02.155', 'perferendis-sit-aut-voluptatem-consequatur-accusantium'),
(71, 194, 'Voluptatem aut perferendis accusantium consequatur sit.', 'Sit accusantium consequatur aut voluptatem perferendis. Voluptatem perferendis sit aut accusantium consequatur. Sit accusantium consequatur aut voluptatem perferendis. Voluptatem sit consequatur aut perferendis accusantium. Voluptatem sit aut consequatur accusantium perferendis. Perferendis voluptatem aut accusantium sit consequatur. Consequatur aut sit perferendis accusantium voluptatem. Perferendis sit accusantium voluptatem aut consequatur.', 'https://qOiRNHA.biz/LCrRWvf.php', 81, '2025-08-08 07:01:02.155', '2025-08-08 07:01:02.155', 'voluptatem-aut-perferendis-accusantium-consequatur-sit'),
(72, 170, 'Perferendis sit accusantium voluptatem consequatur aut.', 'Consequatur aut accusantium sit voluptatem perferendis. Consequatur voluptatem sit aut perferendis accusantium. Voluptatem aut consequatur accusantium perferendis sit. Perferendis voluptatem accusantium sit consequatur aut. Sit perferendis accusantium consequatur voluptatem aut. Perferendis accusantium voluptatem sit aut consequatur. Aut accusantium consequatur voluptatem sit perferendis. Perferendis consequatur aut sit voluptatem accusantium.', 'http://ynrvAeE.biz/pIPnTjT.html', 217, '2025-08-08 07:01:02.155', '2025-08-08 07:01:02.155', 'perferendis-sit-accusantium-voluptatem-consequatur-aut'),
(73, 220, 'Sit aut voluptatem consequatur perferendis accusantium.', 'Sit voluptatem aut consequatur accusantium perferendis. Consequatur aut perferendis voluptatem sit accusantium. Consequatur accusantium voluptatem perferendis aut sit. Consequatur sit perferendis aut accusantium voluptatem. Aut voluptatem sit accusantium consequatur perferendis. Accusantium perferendis sit voluptatem consequatur aut. Accusantium consequatur sit perferendis aut voluptatem. Voluptatem perferendis sit consequatur aut accusantium. Aut voluptatem accusantium sit consequatur perferendis.', 'https://rtOkyCW.org/LkeQYZB.html', 86, '2025-08-08 07:01:02.155', '2025-08-08 07:01:02.155', 'sit-aut-voluptatem-consequatur-perferendis-accusantium'),
(74, 213, 'Perferendis aut accusantium sit consequatur voluptatem.', 'Sit aut voluptatem accusantium perferendis consequatur. Sit accusantium perferendis aut voluptatem consequatur. Perferendis consequatur accusantium aut sit voluptatem. Accusantium sit perferendis consequatur voluptatem aut. Aut accusantium sit perferendis voluptatem consequatur. Consequatur sit accusantium voluptatem perferendis aut. Voluptatem perferendis aut sit accusantium consequatur. Sit aut voluptatem accusantium consequatur perferendis.', 'http://www.xhcPQos.info/', 384, '2025-08-08 07:01:02.155', '2025-08-08 07:01:02.155', 'perferendis-aut-accusantium-sit-consequatur-voluptatem'),
(75, 256, 'Accusantium sit aut consequatur voluptatem perferendis.', 'Accusantium perferendis voluptatem aut sit consequatur. Consequatur accusantium sit aut perferendis voluptatem. Accusantium sit perferendis consequatur aut voluptatem.', 'https://UwoRomi.org/PGMxkvQ.html', 136, '2025-08-08 07:01:02.155', '2025-08-08 07:01:02.155', 'accusantium-sit-aut-consequatur-voluptatem-perferendis'),
(76, 85, 'Accusantium consequatur sit voluptatem aut perferendis.', 'Sit accusantium aut voluptatem consequatur perferendis.', 'http://www.MGfraxe.org/fOFBEsU', 386, '2025-08-08 07:01:02.155', '2025-08-08 07:01:02.155', 'accusantium-consequatur-sit-voluptatem-aut-perferendis'),
(77, 57, 'Consequatur voluptatem perferendis accusantium aut sit.', 'Sit perferendis accusantium aut voluptatem consequatur. Accusantium sit voluptatem perferendis aut consequatur. Consequatur sit aut perferendis accusantium voluptatem. Perferendis consequatur sit accusantium aut voluptatem. Perferendis accusantium consequatur voluptatem aut sit. Accusantium consequatur perferendis voluptatem sit aut. Sit accusantium consequatur aut voluptatem perferendis. Sit consequatur perferendis aut voluptatem accusantium. Voluptatem accusantium aut sit consequatur perferendis.', 'https://www.EULGUWF.biz/', 24, '2025-08-09 05:38:55.250', '2025-08-09 05:38:55.250', 'consequatur-voluptatem-perferendis-accusantium-aut-sit'),
(78, 157, 'Perferendis aut accusantium consequatur voluptatem sit.', 'Accusantium aut perferendis sit consequatur voluptatem. Voluptatem consequatur accusantium perferendis sit aut. Sit perferendis consequatur accusantium aut voluptatem. Voluptatem consequatur sit accusantium aut perferendis. Accusantium sit consequatur perferendis aut voluptatem. Aut voluptatem perferendis accusantium sit consequatur. Voluptatem aut accusantium perferendis sit consequatur.', 'http://iooeEsy.net/HFFdJbZ', 400, '2025-08-09 05:38:55.250', '2025-08-09 05:38:55.250', 'perferendis-aut-accusantium-consequatur-voluptatem-sit'),
(79, 227, 'Aut voluptatem perferendis sit accusantium consequatur.', 'Accusantium voluptatem sit consequatur perferendis aut. Consequatur accusantium sit voluptatem perferendis aut. Consequatur perferendis voluptatem accusantium aut sit. Accusantium perferendis consequatur aut voluptatem sit. Perferendis sit accusantium voluptatem aut consequatur. Sit accusantium consequatur aut voluptatem perferendis. Consequatur sit perferendis accusantium voluptatem aut. Sit aut perferendis consequatur voluptatem accusantium. Perferendis aut consequatur sit accusantium voluptatem. Sit aut accusantium perferendis consequatur voluptatem.', 'http://kUKmRwW.info/IJnYLBx.php', 106, '2025-08-09 05:38:55.250', '2025-08-09 05:38:55.250', 'aut-voluptatem-perferendis-sit-accusantium-consequatur'),
(80, 44, 'Perferendis consequatur sit accusantium voluptatem aut.', 'Aut consequatur accusantium sit perferendis voluptatem. Voluptatem aut sit perferendis consequatur accusantium. Voluptatem accusantium sit consequatur perferendis aut.', 'http://eMBEIVo.info/nBTKKNg.php', 38, '2025-08-09 05:38:55.251', '2025-08-09 05:38:55.251', 'perferendis-consequatur-sit-accusantium-voluptatem-aut'),
(81, 315, 'Aut perferendis sit accusantium voluptatem consequatur.', 'Sit voluptatem accusantium perferendis aut consequatur. Sit perferendis consequatur accusantium aut voluptatem. Aut accusantium perferendis consequatur voluptatem sit. Voluptatem aut perferendis accusantium consequatur sit. Voluptatem accusantium sit aut perferendis consequatur. Accusantium perferendis sit voluptatem aut consequatur. Accusantium perferendis aut sit voluptatem consequatur. Consequatur aut voluptatem perferendis accusantium sit. Perferendis aut accusantium consequatur sit voluptatem. Perferendis aut consequatur accusantium sit voluptatem.', 'https://cAoOfbU.net/mOfbPKV.php', 146, '2025-08-09 05:38:55.251', '2025-08-09 05:38:55.251', 'aut-perferendis-sit-accusantium-voluptatem-consequatur'),
(82, 273, 'Sit voluptatem accusantium perferendis aut consequatur.', 'Sit consequatur perferendis voluptatem aut accusantium. Sit consequatur accusantium perferendis voluptatem aut.', 'https://ZnPMAgt.net/LVYUDLw.html', 49, '2025-08-09 05:38:55.251', '2025-08-09 05:38:55.251', 'sit-voluptatem-accusantium-perferendis-aut-consequatur'),
(83, 353, 'Voluptatem sit consequatur perferendis aut accusantium.', 'Sit consequatur accusantium perferendis aut voluptatem.', 'https://HhsLDNm.biz/wSFiLip.php', 17, '2025-08-09 05:38:55.251', '2025-08-09 05:38:55.251', 'voluptatem-sit-consequatur-perferendis-aut-accusantium'),
(84, 285, 'Consequatur sit voluptatem aut perferendis accusantium.', 'Aut voluptatem sit accusantium perferendis consequatur. Voluptatem aut perferendis accusantium consequatur sit. Aut sit perferendis accusantium consequatur voluptatem. Accusantium sit perferendis consequatur aut voluptatem. Consequatur voluptatem aut accusantium perferendis sit.', 'https://tJCByMJ.net/ZrHiPti.php', 336, '2025-08-09 05:38:55.251', '2025-08-09 05:38:55.251', 'consequatur-sit-voluptatem-aut-perferendis-accusantium'),
(85, 369, 'Aut voluptatem perferendis sit accusantium consequatur.', 'Sit aut voluptatem consequatur perferendis accusantium. Perferendis aut consequatur voluptatem sit accusantium.', 'https://www.tfvZhdA.com/', 269, '2025-08-09 05:38:55.251', '2025-08-09 05:38:55.251', 'aut-voluptatem-perferendis-sit-accusantium-consequatur-1'),
(86, 159, 'Voluptatem aut perferendis accusantium consequatur sit.', 'Aut voluptatem consequatur perferendis sit accusantium. Voluptatem accusantium aut consequatur perferendis sit. Sit consequatur voluptatem perferendis accusantium aut. Aut sit accusantium voluptatem consequatur perferendis. Aut consequatur voluptatem perferendis sit accusantium. Aut perferendis accusantium sit voluptatem consequatur. Voluptatem aut accusantium consequatur sit perferendis. Accusantium perferendis voluptatem sit aut consequatur.', 'https://www.OyBlGtW.net/', 92, '2025-08-09 05:38:55.251', '2025-08-09 05:38:55.251', 'voluptatem-aut-perferendis-accusantium-consequatur-sit-1'),
(87, 303, 'Consequatur voluptatem accusantium sit perferendis aut.', 'Sit consequatur accusantium perferendis aut voluptatem. Sit voluptatem accusantium consequatur aut perferendis. Voluptatem consequatur accusantium perferendis aut sit. Perferendis sit voluptatem aut accusantium consequatur. Consequatur voluptatem perferendis aut accusantium sit. Aut sit voluptatem perferendis accusantium consequatur. Aut voluptatem perferendis consequatur sit accusantium. Consequatur aut perferendis accusantium sit voluptatem.', 'http://www.rUTeCcs.ru/bbmThlA', 136, '2025-08-09 05:39:10.990', '2025-08-09 05:39:10.990', 'consequatur-voluptatem-accusantium-sit-perferendis-aut'),
(88, 202, 'Sit accusantium voluptatem aut perferendis consequatur.', 'Voluptatem sit consequatur accusantium perferendis aut. Consequatur perferendis aut accusantium sit voluptatem. Voluptatem accusantium consequatur perferendis aut sit. Sit voluptatem perferendis aut consequatur accusantium. Consequatur voluptatem sit perferendis aut accusantium. Sit voluptatem consequatur accusantium perferendis aut.', 'http://dwpLdxB.info/BBtPLXh.php', 410, '2025-08-09 05:39:10.990', '2025-08-09 05:39:10.990', 'sit-accusantium-voluptatem-aut-perferendis-consequatur'),
(89, 331, 'Perferendis sit aut accusantium consequatur voluptatem.', 'Consequatur accusantium aut sit voluptatem perferendis. Aut voluptatem consequatur accusantium perferendis sit.', 'https://www.JMSKTEe.ru/', 12, '2025-08-09 05:39:10.990', '2025-08-09 05:39:10.990', 'perferendis-sit-aut-accusantium-consequatur-voluptatem'),
(90, 251, 'Accusantium sit voluptatem aut consequatur perferendis.', 'Aut sit accusantium consequatur voluptatem perferendis.', 'http://CBZJqOH.ru/dpyJQDF.html', 80, '2025-08-09 05:39:10.990', '2025-08-09 05:39:10.990', 'accusantium-sit-voluptatem-aut-consequatur-perferendis'),
(91, 361, 'Sit aut consequatur accusantium voluptatem perferendis.', 'Sit accusantium perferendis aut consequatur voluptatem. Consequatur accusantium aut sit voluptatem perferendis. Sit accusantium voluptatem aut consequatur perferendis. Sit voluptatem aut accusantium consequatur perferendis. Accusantium sit perferendis aut voluptatem consequatur. Accusantium aut voluptatem consequatur perferendis sit. Voluptatem sit accusantium perferendis consequatur aut. Aut sit consequatur voluptatem accusantium perferendis. Sit aut consequatur accusantium voluptatem perferendis. Voluptatem consequatur perferendis sit aut accusantium.', 'http://cyeFVQN.net/PeSdTad', 34, '2025-08-09 05:39:10.990', '2025-08-09 05:39:10.990', 'sit-aut-consequatur-accusantium-voluptatem-perferendis'),
(92, 365, 'Perferendis sit consequatur voluptatem accusantium aut.', 'Perferendis aut consequatur accusantium voluptatem sit. Consequatur sit perferendis voluptatem accusantium aut. Perferendis accusantium consequatur aut sit voluptatem. Consequatur accusantium voluptatem perferendis sit aut. Voluptatem aut perferendis accusantium consequatur sit.', 'http://TeHoXUR.org/JRdknZr.html', 242, '2025-08-09 05:39:10.990', '2025-08-09 05:39:10.990', 'perferendis-sit-consequatur-voluptatem-accusantium-aut'),
(93, 244, 'Voluptatem aut consequatur sit perferendis accusantium.', 'Accusantium sit aut voluptatem perferendis consequatur. Sit accusantium voluptatem aut consequatur perferendis. Sit aut perferendis accusantium consequatur voluptatem. Perferendis consequatur sit aut voluptatem accusantium. Consequatur perferendis accusantium aut voluptatem sit. Accusantium aut sit perferendis consequatur voluptatem. Aut voluptatem consequatur sit perferendis accusantium. Voluptatem perferendis sit accusantium aut consequatur. Aut voluptatem accusantium consequatur sit perferendis. Sit accusantium perferendis aut voluptatem consequatur.', 'https://www.dLdZmxo.biz/', 328, '2025-08-09 05:39:10.990', '2025-08-09 05:39:10.990', 'voluptatem-aut-consequatur-sit-perferendis-accusantium'),
(94, 385, 'Accusantium sit consequatur perferendis voluptatem aut.', 'Accusantium consequatur perferendis sit voluptatem aut. Voluptatem aut perferendis consequatur accusantium sit. Voluptatem aut accusantium sit perferendis consequatur. Aut consequatur voluptatem perferendis sit accusantium. Sit aut voluptatem accusantium consequatur perferendis. Voluptatem perferendis sit aut accusantium consequatur. Accusantium sit consequatur voluptatem aut perferendis.', 'http://hbAdCbt.biz/UThECFM.html', 130, '2025-08-09 05:39:10.990', '2025-08-09 05:39:10.990', 'accusantium-sit-consequatur-perferendis-voluptatem-aut'),
(95, 221, 'Consequatur sit aut accusantium voluptatem perferendis.', 'Accusantium consequatur voluptatem perferendis aut sit. Sit consequatur perferendis voluptatem aut accusantium. Sit voluptatem consequatur perferendis accusantium aut. Consequatur accusantium perferendis sit aut voluptatem. Voluptatem consequatur perferendis sit aut accusantium. Consequatur sit perferendis voluptatem aut accusantium. Voluptatem accusantium sit perferendis aut consequatur.', 'https://ojuPQsK.info/', 264, '2025-08-09 05:39:10.990', '2025-08-09 05:39:10.990', 'consequatur-sit-aut-accusantium-voluptatem-perferendis'),
(96, 76, 'Aut perferendis voluptatem accusantium consequatur sit.', 'Consequatur voluptatem perferendis aut sit accusantium. Sit perferendis aut accusantium consequatur voluptatem. Accusantium aut perferendis voluptatem consequatur sit. Perferendis accusantium sit voluptatem aut consequatur. Sit consequatur aut accusantium perferendis voluptatem. Perferendis voluptatem aut consequatur accusantium sit.', 'https://aIYOMBQ.org/ELWNpOV.html', 137, '2025-08-09 05:39:10.990', '2025-08-09 05:39:10.990', 'aut-perferendis-voluptatem-accusantium-consequatur-sit'),
(97, 10, 'Golang adalah bahasa pemrograman yang cepat dan sederhana.....', 'Golang Bahasa Yabg Menyenangkan', '/uploads/1754696490614153308_Screenshot_2025-08-04_23_59_00.png', 10, '2025-08-09 06:41:30.615', '2025-08-09 06:41:30.615', 'golang-adalah-bahasa-pemrograman-yang-cepat-dan-sederhana'),
(98, 37, 'Baymax Robotics', 'Teknologi masa depan di bidang medis', '/uploads/1754858719092615128_Screenshot_2025-08-09_06_01_40.png', 10, '2025-08-11 03:45:19.093', '2025-08-11 03:45:19.093', 'baymax-robotics');

-- --------------------------------------------------------

--
-- Table structure for table `post_tags`
--

CREATE TABLE `post_tags` (
  `post_id` bigint(20) UNSIGNED DEFAULT NULL,
  `tag_id` bigint(20) UNSIGNED DEFAULT NULL
) ENGINE=InnoDB DEFAULT CHARSET=utf8mb4 COLLATE=utf8mb4_uca1400_ai_ci;

--
-- Dumping data for table `post_tags`
--

INSERT INTO `post_tags` (`post_id`, `tag_id`) VALUES
(90, 2);

-- --------------------------------------------------------

--
-- Table structure for table `tags`
--

CREATE TABLE `tags` (
  `id` bigint(20) UNSIGNED NOT NULL,
  `name` longtext DEFAULT NULL,
  `slug` varchar(191) NOT NULL
) ENGINE=InnoDB DEFAULT CHARSET=utf8mb4 COLLATE=utf8mb4_uca1400_ai_ci;

--
-- Dumping data for table `tags`
--

INSERT INTO `tags` (`id`, `name`, `slug`) VALUES
(2, 'Minuman', 'minuman');

-- --------------------------------------------------------

--
-- Table structure for table `users`
--

CREATE TABLE `users` (
  `id` bigint(20) UNSIGNED NOT NULL,
  `username` longtext DEFAULT NULL,
  `email` varchar(225) DEFAULT NULL,
  `password` longtext DEFAULT NULL,
  `created_at` datetime(3) DEFAULT NULL,
  `updated_at` datetime(3) DEFAULT NULL
) ENGINE=InnoDB DEFAULT CHARSET=utf8mb4 COLLATE=utf8mb4_uca1400_ai_ci;

--
-- Dumping data for table `users`
--

INSERT INTO `users` (`id`, `username`, `email`, `password`, `created_at`, `updated_at`) VALUES
(1, 'Sheiza Fakhru Rasyid', 'sheiza@example.com', '', '2025-07-22 02:54:12.685', '2025-07-22 02:54:12.685'),
(3, 'Sheiza Fakhru Rasyid', 'mrxmr257@example.com', 'eja123', '2025-07-22 03:02:03.443', '2025-07-22 03:02:03.443'),
(4, 'sheiza123', 'sheiza@mail.com', '$2a$10$qrlPv7MrBkoIZ8Qyx2NjHeWjPqsE7IqgbdB8Fo69KUz6.Ig1brcDO', '2025-07-25 18:23:06.959', '2025-07-25 18:23:06.959'),
(5, 'sheiza Faakhru rasyid', 'seizzafr@gmail.com', '$2a$10$4DmNevovNYwQsmI9XKjZo.EZMhjFwYdpXs3iIBXC/RY0Dbw03TvAK', '2025-07-26 18:34:02.196', '2025-07-26 18:34:02.196'),
(6, 'Dimas Prasetya', 'dimas241@gmail.com', '$2a$10$jitJ3R31cyoLDNk/kGqM9u9vxZjFp0RX0CxeOzvTrXgSjuSJflwbi', '2025-07-28 18:25:35.297', '2025-07-28 18:25:35.297'),
(7, 'mJnpplL', 'PwPAvOA@FkGKdku.com', '$2a$10$Br/Uxz1mSSLJIZ.oxbbSYe8vW.rpbLJwMyWcROM7zPs5SvY83OQEq', '2025-08-08 06:42:16.595', '2025-08-08 06:42:16.595'),
(8, 'RpNUKvr', 'FLfAGbD@HJhrMyT.net', '$2a$10$EFAz1LZ9XUeYy1rQXM5FfejSD1LiSP4rLt5WHJ2o2eBRE4PJcGyq.', '2025-08-08 06:42:16.651', '2025-08-08 06:42:16.651'),
(9, 'oTnInpH', 'wtxipst@lKEZpZu.info', '$2a$10$/mjn7yiWYOkvQbzd6SKk3uBjY2PWaGMFj7ES3fDIkZqgtSAQ7FHpK', '2025-08-08 06:42:16.707', '2025-08-08 06:42:16.707'),
(10, 'qQOtsVu', 'RRKWuob@MUcECUb.biz', '$2a$10$vR8k7inlXnchY9aqFeqBPeVu1G0t0kXNsUl0DFKDZ7wvIy0Ewe40y', '2025-08-08 06:42:16.762', '2025-08-08 06:42:16.762'),
(11, 'bUMmIKM', 'Zlhuiui@BjQqwXi.org', '$2a$10$I5feGXj7O3KaUwz26pxOmek9Rdr.nkRYLpS5mx4z9Sp0e5cxZBm.W', '2025-08-08 06:42:16.818', '2025-08-08 06:42:16.818'),
(12, 'pgfCGPF', 'FqJbKBc@GWvkpKB.biz', '$2a$10$YER7nmVoG29DBWOyijGX5OTfgnFLItTg1asQLNXMosu/atEbs/LD2', '2025-08-08 06:42:16.873', '2025-08-08 06:42:16.873'),
(13, 'sqlcWkm', 'ohGrplj@uCGwAQY.biz', '$2a$10$rHnIQ42BRSG7F/7Ir1YFruAkME7HwLQJULMEuZO3nmuqCcQZ5KALW', '2025-08-08 06:42:16.928', '2025-08-08 06:42:16.928'),
(14, 'gZVSwHb', 'HqeSXQG@pMJsxJL.ru', '$2a$10$crNUA6f4nvYbzf/rvyf2fO0S0LSgDIs.w81bXPp/DxjYGjJxM3SxW', '2025-08-08 06:42:16.983', '2025-08-08 06:42:16.983'),
(15, 'BOgHpyk', 'cTPOJNf@WEVFjdU.org', '$2a$10$qK53iwnKcun3DekSzlSCAuyKg2MIFV.MAbWZQq9z5A0JRYMIttlou', '2025-08-08 06:42:17.039', '2025-08-08 06:42:17.039'),
(16, 'sRbKFTO', 'qlvEAKp@LeihjaE.com', '$2a$10$3KRYMfaRnGjvytLDnXdCN.v2i1.uSA6.T9PLdJw9JWM5SC1Bl3lrG', '2025-08-08 06:42:17.095', '2025-08-08 06:42:17.095'),
(17, 'mNPoMmD', 'PaCvIfC@yxavqeJ.info', '$2a$10$.jQzpJhGg1xUQGYH5yNHLOaIuvRiMdTh0mxeIU1aN2QeEKQgxmViu', '2025-08-08 06:42:21.529', '2025-08-08 06:42:21.529'),
(18, 'yPrkIgi', 'BvudAvT@yqDJXCO.info', '$2a$10$9zX1Ub0hj0pboQwL1XmlVOsKLHVgqkMNP3HDSs5X2Zm0kgX28vUTy', '2025-08-08 06:42:21.585', '2025-08-08 06:42:21.585'),
(19, 'bFuhyAZ', 'WmtZxty@ywUUkcR.ru', '$2a$10$mmcBtMosm6BOoyqQgL4CKeRwnHuDQd/FomfcK840oms2quIsCrl.q', '2025-08-08 06:42:21.642', '2025-08-08 06:42:21.642'),
(20, 'UjYHbCf', 'lVosbnD@bWHQvFC.org', '$2a$10$PscuM1Dql1C.H9SnLcOC.OwkbVTnQUeAKhr1zVmQGgtRrK0KYOJVi', '2025-08-08 06:42:21.698', '2025-08-08 06:42:21.698'),
(21, 'buQiLTQ', 'CDZeGxv@GdJEoCZ.biz', '$2a$10$IzwRcSHdP0IfuLBmz3TN0eJKgucHCt/FEiDCkXcX29icQ2GIFNe3y', '2025-08-08 06:42:21.754', '2025-08-08 06:42:21.754'),
(22, 'fmjGCsf', 'RjSjlOj@KdcdvEI.info', '$2a$10$gwbOtMnzPiuFm0RGTzb4UuEWUAEZshjKa5.VJWE/qQ9YpwcjuVVJG', '2025-08-08 06:42:21.811', '2025-08-08 06:42:21.811'),
(23, 'rsePYQS', 'YfIMwjP@hDMFNKb.info', '$2a$10$61/CLPxpkC.ONI2hs7yIxOC93NaL5StFBFhWKNgPC4sBTdOZGLDOq', '2025-08-08 06:42:21.866', '2025-08-08 06:42:21.866'),
(24, 'wckfTaL', 'MeIXRqj@BaDgXdU.info', '$2a$10$Xq/tBHOIK7g3ZemFZFR6M.6s1mTiFW/wcrLE0ZudJJ/JkGdVTFjiW', '2025-08-08 06:42:21.919', '2025-08-08 06:42:21.919'),
(25, 'UMngrkU', 'XkbLInb@oKAONHR.net', '$2a$10$wPZQxlqoNbiu30gFATHTSOw7/CzUCCqOeI2/KUJFSf3vddBXI9oxC', '2025-08-08 06:42:21.973', '2025-08-08 06:42:21.973'),
(26, 'evlRJlX', 'mhHRpbm@pNuRHya.com', '$2a$10$kBFSUamcwPt/G/8H/xnUxOJg6Wl35aLg/.z78hWcJqrmys5VeoVva', '2025-08-08 06:42:22.027', '2025-08-08 06:42:22.027'),
(27, 'wdqRfyT', 'fHsAeDl@vnOibFA.org', '$2a$10$6EI4zrqGhZchEOpEaN/RcO3xDNKmWHr1aUzFRE.znmF.v8cDATtzu', '2025-08-08 06:42:22.128', '2025-08-08 06:42:22.128'),
(28, 'wujhrPK', 'ZIctcXx@xGRrtpT.net', '$2a$10$.kRT6Vv9OUeOx2Pj5u2xuezPR5SjEwpI4m4rHgHRpTjZiZPJ0YQym', '2025-08-08 06:42:22.184', '2025-08-08 06:42:22.184'),
(29, 'nEvRhLD', 'PBEOXJH@mhMMxeo.com', '$2a$10$t07FHUYC4slq1d.0VMgWze9GdWx7uDedbluycLQzBZvAcfYP8un6e', '2025-08-08 06:42:22.239', '2025-08-08 06:42:22.239'),
(30, 'iJLYshH', 'MTDPves@xFJtmQf.net', '$2a$10$xT194NpiS7t9oVZmltsXNOwJ6J9jP47stqgpwMhbpQ2/p1gr2lIC.', '2025-08-08 06:42:22.295', '2025-08-08 06:42:22.295'),
(31, 'GEOUBgg', 'oQJMtQr@DggdxXS.biz', '$2a$10$5XVx1m/QLu0hw553qwRR6ua8So.rVSZ/avgvoP3q5/mQzFHP6hH2u', '2025-08-08 06:42:22.349', '2025-08-08 06:42:22.349'),
(32, 'iFGXdIf', 'IcVkHSS@pvIgHri.ru', '$2a$10$rEnJh.s4/88mnGdTs1hXCOCi1TjPewO7bnccbCKGf9eKsyF2lekT6', '2025-08-08 06:42:22.402', '2025-08-08 06:42:22.402'),
(33, 'Wlrfxrb', 'seGPWcF@nFWBZam.ru', '$2a$10$0wTLfzXreXiUwdj3fMiOke5FulBsnh5snnZSfltAN1zZwwYcm9k.u', '2025-08-08 06:42:22.458', '2025-08-08 06:42:22.458'),
(34, 'pfcFjom', 'XjNZqsA@GWjShnp.net', '$2a$10$KXISOYc0uCo0/926ATNga.jdE09xUL2hc2Q3IRs3iQnaqMGA5WmcW', '2025-08-08 06:42:22.513', '2025-08-08 06:42:22.513'),
(35, 'RjPxtPR', 'flRBfso@BiJqlZw.info', '$2a$10$osDbbx7021oPm8MzEU.WBeIWTZqitgq0/s/WthzDsoF2leN5YMJzm', '2025-08-08 06:42:22.566', '2025-08-08 06:42:22.566'),
(36, 'nsAVDUX', 'HOeABbR@TAwdipu.info', '$2a$10$Lxii/hVWIohHEc4gfIlKb.K9zhUNwRZLiXbxChunh3fyALyneMvtq', '2025-08-08 06:42:22.619', '2025-08-08 06:42:22.619'),
(37, 'ZNshCYL', 'fnFvmeK@sPUdLYX.ru', '$2a$10$fYQCdTQDnp0iaFAMbspbkuvDKy0R/P.7Yb7TALUC8ji8Mz2ty1g6.', '2025-08-08 06:42:25.683', '2025-08-08 06:42:25.683'),
(38, 'jQafWyb', 'pBEVZyb@wRtcbNu.org', '$2a$10$miL2LjtGWKyZkduQ4yB3g.ElAjBmvFTr8OlkHatK99NablSJWWuYa', '2025-08-08 06:42:25.741', '2025-08-08 06:42:25.741'),
(39, 'WrjNEXB', 'GfUdlCS@sVfOyYV.org', '$2a$10$cA.AmbTdPvrFB265YdpNEOYfJDLOq2Z5TF5xzDwM8AHmz6x74fL2W', '2025-08-08 06:42:25.802', '2025-08-08 06:42:25.802'),
(40, 'HOQSGIx', 'gWQyLit@jfrOaSP.org', '$2a$10$ManjAFn2bSUK8aDNIn07vuHWGmWCOiAqN8pbKH3JVqScEM9Bz4aei', '2025-08-08 06:42:25.858', '2025-08-08 06:42:25.858'),
(41, 'owAMHvr', 'qbGoqyD@AcTfwlM.ru', '$2a$10$H9BNIz6TWHHjseDm4wKTHeS2wFC3rZRObXjg9N3c0A4ygnnSvyHXa', '2025-08-08 06:42:25.913', '2025-08-08 06:42:25.913'),
(42, 'ScVsPgc', 'RYCmdgP@hruGJdr.com', '$2a$10$4Mx7PICCt3WaKsxAN8JNw.vZXozc8sA3cdPIwIMrT2Wo1zdBXxeh.', '2025-08-08 06:42:25.970', '2025-08-08 06:42:25.970'),
(43, 'DhhfUTb', 'wBnehce@KKEUAPR.net', '$2a$10$yWLPuu2W00Q6wygA8t3X0eLxGfs1KfzcvHGrnur3XyrgLX7u7aIlS', '2025-08-08 06:42:26.026', '2025-08-08 06:42:26.026'),
(44, 'KCUkfVH', 'NkHIuAA@wugmufK.info', '$2a$10$O7X15y.1sKw3h/dvHU0jN.C4KhpW3X8xYbrs/KcGeHfEI0DVo5ZBW', '2025-08-08 06:42:26.081', '2025-08-08 06:42:26.081'),
(45, 'fholoCi', 'rIJgEMG@HslRGPR.biz', '$2a$10$e4ZkqZYeooZsltfYnVpHA.2DFLhPJlKpa.gUnJpyhHFsnQM0kD3NW', '2025-08-08 06:42:26.139', '2025-08-08 06:42:26.139'),
(46, 'MEYpExg', 'ipnEDFa@fqALBpK.ru', '$2a$10$WOuI7uYGc7vcpV6LEi85tOj3EPdzxM697yNK96itSnLwrHN8zWJvO', '2025-08-08 06:42:26.195', '2025-08-08 06:42:26.195'),
(47, 'XRUxvYV', 'ioJrmwq@hFurZNi.net', '$2a$10$tZMOuXvQp8ExFaIUYoIBxOxJ487vLxbV5n4f1WTPwe5OkxWnEoeA2', '2025-08-08 06:42:26.267', '2025-08-08 06:42:26.267'),
(48, 'hTROeND', 'UtPIwgo@ETOrFnS.net', '$2a$10$Ya1STMHCudgDyllJH1Ow7uZSc/VrWpAel3PWog8DJM600nMzNjgAC', '2025-08-08 06:42:26.323', '2025-08-08 06:42:26.323'),
(49, 'eSgRNCR', 'pXLdxhV@uohWrka.biz', '$2a$10$DEOY4PoTPGlP.xzdkB5elOn6nTMUNXvFlppY/SG4tc3FE6on07zBq', '2025-08-08 06:42:26.379', '2025-08-08 06:42:26.379'),
(50, 'ukwhHCH', 'bPIDDLB@anJuEUd.com', '$2a$10$BXKOGRPn60vjj/m0K8i8reZBmGJkv9e7PsJiHZRFXWDfww0pTMX.S', '2025-08-08 06:42:26.435', '2025-08-08 06:42:26.435'),
(51, 'LgJEcrx', 'LHhdBIo@gdixWfl.ru', '$2a$10$pcR8T73uyPXb414L0OI9ieaovmwMMSC1Fy7gJasTJ5BSxweYpGhZu', '2025-08-08 06:42:26.491', '2025-08-08 06:42:26.491'),
(52, 'BrJBBbh', 'mBtsXZj@QBwqiHw.biz', '$2a$10$UzssQJ/b2bTfUCjv1AAcquZB42.vRmJj20d/RKFdt8VJoWMSzyzze', '2025-08-08 06:42:26.545', '2025-08-08 06:42:26.545'),
(53, 'gWBlGKJ', 'ruyWTmp@UxsLsTw.org', '$2a$10$eBMzSHu5CtHn3YZ8fysXh.BkfDHN6mz5GtLZ0CSKQPYH6eJG8zJPK', '2025-08-08 06:42:26.598', '2025-08-08 06:42:26.598'),
(55, 'Dimas Prasetya', 'dimas56900012545@gmail.com', '$2a$10$zKehIwJ9wLx7/A1lSs1w2u9v.i52NwPktW2PD3337B12vcH627fOy', '2025-08-08 06:42:26.707', '2025-08-10 11:35:35.458'),
(56, 'UMsipwo', 'Huhtukh@yaWjFYV.biz', '$2a$10$veZMpwlJBUp/hEYFly.Nge418zhIkYB/v.mQNwBGBUu2KwppFBToi', '2025-08-08 06:42:26.761', '2025-08-08 06:42:26.761'),
(57, 'dHeJYSu', 'FVBgEJb@JGTcNuY.net', '$2a$10$z5venKqvP8MladdmDO4db.QfE1fk2f6UakkDZ0yXjBSosPRUy8KQq', '2025-08-08 06:42:54.119', '2025-08-08 06:42:54.119'),
(58, 'RWSMLtL', 'yMrMoZs@rwRtHNi.net', '$2a$10$sFP2X9AZkVmDbSw6sGlL6ORozlmaQ0xaG3j/oLQa7alhcQtnMDNce', '2025-08-08 06:42:54.172', '2025-08-08 06:42:54.172'),
(59, 'CRFcgwc', 'vBsWsCX@cDbRllT.com', '$2a$10$SebfEfk.va9KWtvP/IYLvOXS6Ej6qZoZi7B0uLJY/rvU.mgvfbye.', '2025-08-08 06:42:54.229', '2025-08-08 06:42:54.229'),
(60, 'europEb', 'ITZRLiI@cPrTANa.com', '$2a$10$I.0Q1F096lUj2ZvDxB/odOI1cfiZ0HtbdQY6PbfPxtrj3O7ShcR1C', '2025-08-08 06:42:54.283', '2025-08-08 06:42:54.283'),
(61, 'CFdIhly', 'TFQIbkU@RRFuysB.info', '$2a$10$KAg7eE6HS0cZU4XIbdFVjO/b.pxhx1cocyl6Ctn.M57yjzs6HiThq', '2025-08-08 06:42:54.336', '2025-08-08 06:42:54.336'),
(62, 'qFXJIBl', 'cLlQreL@EKLAIeW.com', '$2a$10$/xxkflYHnl66Va9uXHP1G.N5YaQ8Pc/4AJarJC3bVi9Lks4mH2hgG', '2025-08-08 06:42:54.389', '2025-08-08 06:42:54.389'),
(63, 'mDAuVmk', 'DoVLWCw@gSgxgjI.biz', '$2a$10$34oTiQToOcy6p3qgNSW2T.leS7oI3lGbnsh/mo7DYwS6UKuF/O09m', '2025-08-08 06:42:54.441', '2025-08-08 06:42:54.441'),
(64, 'Bwfseyt', 'YfoVeyP@dIJIoQT.org', '$2a$10$dmYo2Vj9IdZ65es6G.mvwOoWVpH8hUyPOFiV2bl3Ot8kgeJd2W2we', '2025-08-08 06:42:54.495', '2025-08-08 06:42:54.495'),
(65, 'PYSCrUb', 'DGcrYrw@bEvhwNQ.com', '$2a$10$dMH.itXx.NzISRezE5ViH.7v3Krpps9.TzU7gKkTrFo3EKBg//IcW', '2025-08-08 06:42:54.549', '2025-08-08 06:42:54.549'),
(66, 'TQrofgj', 'ODtkMJa@DEnROdj.biz', '$2a$10$Z3AW9UvtXKK7XFMmAGJZ0uuoDDcdrtpWyibwFHgR3RJxqC3Va2C7K', '2025-08-08 06:42:54.601', '2025-08-08 06:42:54.601'),
(67, 'VUNrkSc', 'nVSOLbf@CCVWhGU.net', '$2a$10$jxXPdZZY5twSZmm.Xml/sOVzLybNoKfJJqpZ3.TNgsA8fSl9YlUQC', '2025-08-08 06:42:54.672', '2025-08-08 06:42:54.672'),
(68, 'LtKAykH', 'BbJFXUY@vuCbyBP.biz', '$2a$10$bmN.YDPm2XrUTaqMXqlyzeZ6sBNZEZQNyhtFIH51RBuksi4q2LQNe', '2025-08-08 06:42:54.725', '2025-08-08 06:42:54.725'),
(69, 'lHEdhSv', 'apKkpwk@EGIZQpc.com', '$2a$10$nSNrZc/l7nUsB7sEPAnEeugYK6WGjv3wyWcY.Hsw2kBmK3dNsOA5S', '2025-08-08 06:42:54.790', '2025-08-08 06:42:54.790'),
(70, 'udeHhnY', 'bgDclpQ@COoGTGA.com', '$2a$10$aKHI1E7ZvZYeHGxa.dB/kuO77OxIfLXChTOFqumBMPIUgvDGZlbwK', '2025-08-08 06:42:54.858', '2025-08-08 06:42:54.858'),
(71, 'awxkWTv', 'iemvGta@TWQMHYV.net', '$2a$10$YawfFdB1b.EGv8rgTPzAEOFjZpNOQDK.wGN1FtzJOcCXAv2TO3CM2', '2025-08-08 06:42:54.922', '2025-08-08 06:42:54.922'),
(72, 'sNWQNmd', 'PwFtWFF@HvcZQSK.org', '$2a$10$2Cd5Pafq7NoKS29GNKn9.O9qrzBDNapWaQ4yRYo0KhlKqXllCJPea', '2025-08-08 06:42:54.977', '2025-08-08 06:42:54.977'),
(73, 'rhAXkdx', 'PvGNmBq@UBUwMcv.info', '$2a$10$.KnvJU/ieJlkO6m7/u0aeu4kbFw/HnCGqGOSsNGDBMIiuBFnqUcHO', '2025-08-08 06:42:55.032', '2025-08-08 06:42:55.032'),
(74, 'oljcqUa', 'ceYPLas@sZmpBKD.biz', '$2a$10$eysiZXJWDCLV5Hgh3Z4WWeXDmfGv5iVvVBu23.PloiM00FJjh8JUK', '2025-08-08 06:42:55.089', '2025-08-08 06:42:55.089'),
(75, 'DPQnLJP', 'uNJTYxy@MGkcBsa.org', '$2a$10$/devmaG2cVZcY7tC1gDUTOfAnwA3sz4HOzfM9GjPp8v1nKsnQF5Ge', '2025-08-08 06:42:55.145', '2025-08-08 06:42:55.145'),
(76, 'tYqDoli', 'geIgUYc@xaWBHGG.info', '$2a$10$usCoaHMeZUZoQdTUgLxP7.tlWBVYRMBWIJwPwVQksj3pThILCrcTK', '2025-08-08 06:42:55.199', '2025-08-08 06:42:55.199'),
(77, 'QwqtAxh', 'FxxwAcN@EXOubtG.ru', '$2a$10$J3iTMDMVqFLh.10zhd2O6uS6WGouQ3fZzlEdHZMRZmkuUO/QE5BUW', '2025-08-08 06:43:44.224', '2025-08-08 06:43:44.224'),
(78, 'VYYVfql', 'ICfEivx@xJIHQnP.ru', '$2a$10$NR.g5bEvg5llfY0X6iUOFeHq7C1ymZoTuaiwddcRAfsmsVzwjZNjm', '2025-08-08 06:43:44.280', '2025-08-08 06:43:44.280'),
(79, 'nOqjGJU', 'wwcOrOZ@HtJQOmG.com', '$2a$10$O2U45NAhr1XqBRcP.zrSuOgO9U01Od.TX2U28gf7xl948O620U5WW', '2025-08-08 06:43:44.336', '2025-08-08 06:43:44.336'),
(80, 'aOkvrqs', 'YuctimB@rWLZYPm.com', '$2a$10$ae3WTckkWhmR1bW0fuFyH.1LX2Wt.Yl9tavjgWdz/JzPeX1ovDiVW', '2025-08-08 06:43:44.391', '2025-08-08 06:43:44.391'),
(81, 'HbncYjl', 'sBIqKoB@WOgOYpn.org', '$2a$10$T9xbfXAzL6aRNCKoTFf3WOfIWA2kxx1eoE2vbXhxCTHnUl0h1J3U2', '2025-08-08 06:43:44.445', '2025-08-08 06:43:44.445'),
(82, 'QLetBsa', 'QZDQOTe@uKssUFp.net', '$2a$10$TIzD/Q/VtOEIxwxlh3nczus4BRlAeeEubjCSh0V4.X4lanBCN2dMq', '2025-08-08 06:43:44.499', '2025-08-08 06:43:44.499'),
(83, 'IFsoihH', 'qQJxUDL@nnqSGPA.net', '$2a$10$WAdi/6f31LHf17jfmzgeDeiRkfutz7Wq3PBx6Fc/JuY/bulj23D1.', '2025-08-08 06:43:44.552', '2025-08-08 06:43:44.552'),
(84, 'HvkLGiK', 'bMjdCoI@RqTsrmZ.org', '$2a$10$MvL8ahXhqoTHqHlZOQzVyeiKw9B3DOXd2MDieaRLbnLGyYzKgqcV2', '2025-08-08 06:43:44.604', '2025-08-08 06:43:44.604'),
(85, 'AaTuDIW', 'nihOiWC@ZeVQtnT.net', '$2a$10$G94s.N4Ys04rdwmslWY5feqLv40Of311Wsz8/5VfcBL4oX2V0vrgG', '2025-08-08 06:43:44.659', '2025-08-08 06:43:44.659'),
(86, 'HtaHRdI', 'gtBQvjT@fkXPQcA.org', '$2a$10$tQQIp731Hvs5WysOzmVKle0u1.YJjyRSTUtidUnK9u0LDOCJMNC7S', '2025-08-08 06:43:44.713', '2025-08-08 06:43:44.713'),
(87, 'EKPBPZV', 'uWjapIb@VoiGsEC.org', '$2a$10$OGn0mqHUGvAvI2c/.ax1Xusprevexv4tKSgQuVFPNHNvUiZ1e/n0i', '2025-08-08 06:43:49.011', '2025-08-08 06:43:49.011'),
(88, 'xvpLcSl', 'IGiblYA@dsAJgdN.net', '$2a$10$mNgDlATRJ3BRnHv8idO/d.enUpCWiG2pLnjJjbh.yXMfHRZ.ufvdy', '2025-08-08 06:43:49.064', '2025-08-08 06:43:49.064'),
(89, 'fUsCPfj', 'RJcjwec@nBYvPfT.ru', '$2a$10$KpXMCA5UCYhyWzFphc6.EOHZZyQbRestb32Yr2gj9wkmouCelwD9y', '2025-08-08 06:43:49.117', '2025-08-08 06:43:49.117'),
(90, 'lijbWkD', 'ZnLtkKR@KnCByQs.info', '$2a$10$TIxlgAeZsv6X.Vycdgl8CO5UIAA056bBIxuEDXTehBjIH5anWjLni', '2025-08-08 06:43:49.175', '2025-08-08 06:43:49.175'),
(91, 'hrflvpV', 'YrCgviL@wRJCPsL.biz', '$2a$10$bsgdYbek8xL4aK2UVurMQ.61xr/VOh55/Kb8gkNGhLEa7eBBQNpqe', '2025-08-08 06:43:49.232', '2025-08-08 06:43:49.232'),
(92, 'uCuIfMM', 'muLSSOX@HRFBjNj.info', '$2a$10$kJwgvBa33uNULWRvl.GQjOVTM.Kh2f40Ui8FWn772AaGSF3TAi32C', '2025-08-08 06:43:49.301', '2025-08-08 06:43:49.301'),
(93, 'jpnaJya', 'bFYfoRX@XJKXwxk.org', '$2a$10$XvWAS7FjGz1dGkP7ua6RgO/d/cx4k8/gfApY5hI6mofK67vA5uDj2', '2025-08-08 06:43:49.359', '2025-08-08 06:43:49.359'),
(94, 'ixpZKEB', 'hXiGFoa@QHpSLhG.ru', '$2a$10$A.cf5KuOSw/8pEDRp7Tv/uwEq5QbkSg96qVF1HPyIk8B6jXhZShuC', '2025-08-08 06:43:49.417', '2025-08-08 06:43:49.417'),
(95, 'KMsIQKU', 'OdpmvKb@gCTteWG.org', '$2a$10$9ttai1b0YtZK7gXl2GeXK.uMyQ4qi12jq9B5RxtXwuXlTXWyF7liG', '2025-08-08 06:43:49.472', '2025-08-08 06:43:49.472'),
(96, 'RULxNJH', 'NaLcTUl@MkBxtmM.biz', '$2a$10$yfEOqSwdwS7oF9Z3qM5.g.F.kDIIVY/Sb8qlIeP76qxj7DB7b4o6K', '2025-08-08 06:43:49.525', '2025-08-08 06:43:49.525'),
(97, 'ZbLLwIc', 'VIFcieR@KWVELIP.info', '$2a$10$ByACPYQ383HuKi3xxLT9Yevg3w0YL.G3u8Fple4f6mZpPlSjfpSUG', '2025-08-08 06:43:51.101', '2025-08-08 06:43:51.101'),
(98, 'DoBhHDD', 'cATDOAm@rLgwOun.info', '$2a$10$acCMjFvvAD0yR9FZQMtsmOKZsXECHsfzjMfdlDkAgfvrDqV9ehUUm', '2025-08-08 06:43:51.154', '2025-08-08 06:43:51.154'),
(99, 'pASoeXX', 'uTPwXDZ@QNNMldc.org', '$2a$10$64cHJRB9coJkxjM5uOZz/OWzvMZx0cvKAp1hVCdxtYA6e6wA2oDZ2', '2025-08-08 06:43:51.208', '2025-08-08 06:43:51.208'),
(100, 'GYUnYRa', 'SIjaTjC@QxokNUT.ru', '$2a$10$6CccCIEWJ4oy2JY5cVyrbuhi0v0ZFUoZndsmkYbtC3DxjUJePoSkG', '2025-08-08 06:43:51.261', '2025-08-08 06:43:51.261'),
(101, 'pHHZntH', 'PyBoQWj@VYmXWiV.biz', '$2a$10$H0FIk1KTeQ3/M8fq5G2w5.oWdC8jQadrCFl3w08Oe0DawHejrYwQO', '2025-08-08 06:43:51.313', '2025-08-08 06:43:51.313'),
(102, 'votZaVC', 'uEHoEww@CZJANiP.com', '$2a$10$c2zSbEOEzzVwPcbi5JIcAe1YfqBtBJh4FqsStvDdlejHu1oQBelR.', '2025-08-08 06:43:51.366', '2025-08-08 06:43:51.366'),
(103, 'iWamNfW', 'PSRhPWW@qBiKNxG.net', '$2a$10$xk8addNYSFg7/RlrK.lGuOF3gIOiNw8xT9Wxg9DvfSbKnuynqBCze', '2025-08-08 06:43:51.418', '2025-08-08 06:43:51.418'),
(104, 'nlVHIlx', 'cJuYPCA@bOnAUMn.biz', '$2a$10$Jm6VwAl6lALP1ea8pZP1mu6r39lOs9J1cARF26Dx52aHu.pgTv25a', '2025-08-08 06:43:51.471', '2025-08-08 06:43:51.471'),
(105, 'LWfAJyt', 'HjJsFsl@WNiJqCx.ru', '$2a$10$ccBfPdvkopixI2.TDdB.Ee/fflY0Rx1PeY9kIuV2Ea7UmT5rlS1gW', '2025-08-08 06:43:51.525', '2025-08-08 06:43:51.525'),
(106, 'tkxThmc', 'NYJudpP@LEInbUc.org', '$2a$10$DzzQ3oBwBhy7uOGcpwmuiufLbiWMQIR.sjxWqcLuf/lqqpIg4HKX6', '2025-08-08 06:43:51.584', '2025-08-08 06:43:51.584'),
(107, 'CURWEAe', 'IgdVaEQ@XMaUiZZ.com', '$2a$10$F.X0yph6LbQ/prliZ0LGB.9HbagH0y8wPBwg11s9pE4NjHsBz069a', '2025-08-08 06:45:20.837', '2025-08-08 06:45:20.837'),
(108, 'hNwBYUq', 'CMwgLxi@MXKvyoQ.net', '$2a$10$acyKvPy9FtBrkK1cjQf7neiMi0M0kVCk8z5hofdhlAVqPXJVWDVoy', '2025-08-08 06:45:20.889', '2025-08-08 06:45:20.889'),
(109, 'nodhcyo', 'DOFuewX@TGJIBZl.info', '$2a$10$30vaeADcc1PefeEo8GvgvezW4sCAv5.DGB4XSqDu4AbdBJs797MDO', '2025-08-08 06:45:20.942', '2025-08-08 06:45:20.942'),
(110, 'lYUkSNh', 'wIkbTFp@RQSIiOQ.net', '$2a$10$EDnOQrff3p7MEXpQ0CkNoelV30tQFQC4/3bEkgBaFfjpagbeqCX7C', '2025-08-08 06:45:20.994', '2025-08-08 06:45:20.994'),
(111, 'eWYHAgt', 'eFdLGEp@vkMyFgJ.com', '$2a$10$aj.2aWNqdEsW1Fn4eLaz4uOTJ/msgGj3gbeUJ3uUvbkpHeM/b1JVG', '2025-08-08 06:45:21.046', '2025-08-08 06:45:21.046'),
(112, 'gOrIVhi', 'upIBgFw@pVngvJV.org', '$2a$10$Xi72sRhpd/8CNySmyYAN4.QjXvGKfaX7TLW35T16gogWb1PaOhBXO', '2025-08-08 06:45:21.099', '2025-08-08 06:45:21.099'),
(113, 'VmXPHkH', 'QwlsOGi@urodXKw.biz', '$2a$10$cApHOVGuMmKfOVS6ObjbdOxfSZMatWAn6WXy5EUVBfXtOVvcuDDlG', '2025-08-08 06:45:21.151', '2025-08-08 06:45:21.151'),
(114, 'PpvmnxP', 'hJpdecn@xHVfNQs.ru', '$2a$10$eCojjKORF4JuZZIvpEzSHe3AM7qMLVxcK/7.zCjiUUNpY5dBH7jQC', '2025-08-08 06:45:21.204', '2025-08-08 06:45:21.204'),
(115, 'KgQbWif', 'NINlSep@cmcfUnj.info', '$2a$10$NQekjDQ5hg37huimlGZ3puqW.5eH6.9nhR8UgI8o9Cddzx/jRE/a.', '2025-08-08 06:45:21.256', '2025-08-08 06:45:21.256'),
(116, 'ZXVHjOG', 'kjoqMYc@kBxcqZw.ru', '$2a$10$hSoosZaWqm8sXuPdcxhguOrnNhJffNP5mYSEfUYTi5LBSd/RloBMG', '2025-08-08 06:45:21.309', '2025-08-08 06:45:21.309'),
(117, 'xqWcXYh', 'OUlwkoF@phnCIFR.ru', '$2a$10$IdDfZzqHzHByHhM4eCxTEeQE3n7qFH5p1SM/AX/1QumHYxSMWwFea', '2025-08-08 06:54:25.525', '2025-08-08 06:54:25.525'),
(118, 'sDbxaJX', 'FGTnVVy@qiNonWU.net', '$2a$10$83bt1nVY6laMPKcHrXskaeZlQlFam1gFNpqHLgzgz0xO3eVhy3HGG', '2025-08-08 06:54:25.585', '2025-08-08 06:54:25.585'),
(119, 'WlKhPtO', 'bAEKNtE@BhTRsvh.info', '$2a$10$qI/nh123SdwA0RhOKd8efuritmwbW7BbwqgrLoPt7c2K/KtrLf6em', '2025-08-08 06:54:25.642', '2025-08-08 06:54:25.642'),
(120, 'OrohOWm', 'fyUjkDr@dNUiGYr.org', '$2a$10$ZedB8NF3U6hzmsKFwGhFKOa0apsfweKt3ml5yaKMLabCGO32wzDiy', '2025-08-08 06:54:25.699', '2025-08-08 06:54:25.699'),
(121, 'ZYlmCDi', 'AulRjdG@shQgGAq.info', '$2a$10$8BoWyjDS2JUdX7z3TRRu7Oqyn/o7daBqHQzig5YLgimXjfj36RGRi', '2025-08-08 06:54:25.755', '2025-08-08 06:54:25.755'),
(122, 'QlwBbZw', 'hfkaIEp@aehFmvP.net', '$2a$10$eYBDkrDXRrUNFpAS5Jt/W.9K.RghdeZPWZGKO/b7tUNzz.0ynHOLm', '2025-08-08 06:54:25.809', '2025-08-08 06:54:25.809'),
(123, 'Rwnyjlb', 'kpnMZuE@BytcgFc.com', '$2a$10$xOo.lCKWM8PVsrHsfK/3eeXhMmi6v1arW2/I8YlivUqIZ6IT7oDLe', '2025-08-08 06:54:25.863', '2025-08-08 06:54:25.863'),
(124, 'MZOLWLJ', 'FfBEgPV@jZRatQk.net', '$2a$10$NGqaq14yQUXC1FYnXMxQdOVMaP/cJpeS9PfsLHQIXBhoAHAkNnTZK', '2025-08-08 06:54:25.918', '2025-08-08 06:54:25.918'),
(125, 'HyIUgAX', 'aKjwPJe@AGynPIx.com', '$2a$10$2xYLaK2BUALW3yBTt.4i9ujOuTYyP1WQDoz4ZZpjRw3A3ymHETmxW', '2025-08-08 06:54:25.974', '2025-08-08 06:54:25.974'),
(126, 'jIdLXRK', 'MxWQTlb@cPEydMv.com', '$2a$10$3e7zdTPzevxhG0jAU.0OJOtOM0qXDxtk4n38etIdYzY1utOvl5dGG', '2025-08-08 06:54:26.028', '2025-08-08 06:54:26.028'),
(127, 'ukXKflv', 'ufZuJqK@wrscBnM.ru', '$2a$10$0jQ1VAgJEsBpJC5MsMVjvO98xMBNiH2cO7GEQ/MUuXWY0BmPvfQUi', '2025-08-08 06:55:11.310', '2025-08-08 06:55:11.310'),
(128, 'mEosnTr', 'FrUJIij@SovdatP.ru', '$2a$10$1d1TuFgyiQoASbPyx2i0veTkCjdUcfvjoxXqAU3yqzEORwxN/qNiK', '2025-08-08 06:55:11.366', '2025-08-08 06:55:11.366'),
(129, 'gIxWtwK', 'cvTIade@UODNHnB.com', '$2a$10$d8i3JQmPkwK6N1nHJkvHeuaP7g8SmFuBvHoZ..WKa6Kf2dRB8ADpS', '2025-08-08 06:55:11.422', '2025-08-08 06:55:11.422'),
(130, 'dGCoygr', 'biYMmAV@uJODIDU.org', '$2a$10$U1W3FGiHd6B9vcPmc9exIuwaB8rgK0ROLe4jESGGmM5j8ukD1mtsG', '2025-08-08 06:55:11.480', '2025-08-08 06:55:11.480'),
(131, 'lIaJYTY', 'XCKIIfX@FuaXcCq.biz', '$2a$10$cipVnPvb2GmNlS5yAwe72./f7Ph33RNi9kgKRRIhGp9VGm3EPOzJi', '2025-08-08 06:55:11.542', '2025-08-08 06:55:11.542'),
(132, 'lMPQCjE', 'SMZRfyN@rVdsLOt.info', '$2a$10$EY/xV9VmYrQbgxEmSM0hkupWo/OW5RqRSdoKFHbIYeQMRbwGXjQHS', '2025-08-08 06:55:11.599', '2025-08-08 06:55:11.599'),
(133, 'tKUNapU', 'pSKZDvS@ONrISxo.biz', '$2a$10$GMVR1zs.iAYY.StaSSkAruRY.PNBrX39WpiFxqgm35e41adWjW.Cq', '2025-08-08 06:55:11.656', '2025-08-08 06:55:11.656'),
(134, 'dihrxEH', 'FMGXpfw@NoQaRaV.com', '$2a$10$/F9vGP6QAssBOmiUELHNbeD2J3ay7BaGgEkiPTlg/a8BFO/ooKFq.', '2025-08-08 06:55:11.713', '2025-08-08 06:55:11.713'),
(135, 'nqYFQOf', 'TYUkvmE@ZZqfbEI.biz', '$2a$10$lOcJqvOXi2Stjk2hNmZi/.JUCOcpayCjVrnzPpD7/mAvGQjvLEBE6', '2025-08-08 06:55:11.769', '2025-08-08 06:55:11.769'),
(136, 'gcFlWwQ', 'uUnFxbs@mfTjDbK.net', '$2a$10$VA9oxeCDhIjiXt9BeqNoWuZMrg7fpPeMMFURNYolasku0BAM6ogKa', '2025-08-08 06:55:11.827', '2025-08-08 06:55:11.827'),
(137, 'hZcYwkJ', 'wDsvAlc@hqgLocP.com', '$2a$10$W83d4nq9IuCOTcvku113oelnhosdCQ5J6snG4SfSqCJXTMupytWmS', '2025-08-08 06:55:18.604', '2025-08-08 06:55:18.604'),
(138, 'OoYkOgT', 'IxAiBQN@efLGjCD.ru', '$2a$10$yVKfZXmi1cVMLaKcbkDgUOra6AZDjSrLUZwcg8qNzVHOOOm7zqnA6', '2025-08-08 06:55:18.660', '2025-08-08 06:55:18.660'),
(139, 'SxQlrFK', 'oSrNTuV@AqwLhei.com', '$2a$10$qCZDjVu68QSgORetzx6wVuWKvQDfzD7V0wFBWx1pMOny2Bf2u6wH6', '2025-08-08 06:55:18.717', '2025-08-08 06:55:18.717'),
(140, 'bOpMNVC', 'FGSaQLh@wkNMxoR.net', '$2a$10$2pkbZb/cj7TyXQeYY2Jix.JzJmf.Cfrk5KYWRjYbQhuxJv76gXEKW', '2025-08-08 06:55:18.773', '2025-08-08 06:55:18.773'),
(141, 'nKQfgSP', 'svXvAln@VgjaCeN.info', '$2a$10$fUxovZurbAYawtKHUVVT2eknmlBRytZMg4dwvNo3Ss7QAD.ZUW3oW', '2025-08-08 06:55:18.830', '2025-08-08 06:55:18.830'),
(142, 'CSgyVLd', 'OQWdPVi@MlOWlot.com', '$2a$10$BpHNNHNHsjcp8BvgimtD/OdMq.vYCi/uSpQZO6qBaKDmhqPzhY1ZW', '2025-08-08 06:55:18.885', '2025-08-08 06:55:18.885'),
(143, 'KydZECJ', 'kNRsCNY@WbsVCWe.com', '$2a$10$uhbUD5ZJ0NH1xNixn5N9aOe1zAkxNURPC12HtU8od8LDH3YSoaOky', '2025-08-08 06:55:18.942', '2025-08-08 06:55:18.942'),
(144, 'xSHvoqt', 'bsMRnMn@jSPsLkZ.info', '$2a$10$ksCPIUuY0XeFQt4w4RmJrOuzROmhVJo9.Ie.AaGz0pUKyyYUYcQC.', '2025-08-08 06:55:18.998', '2025-08-08 06:55:18.998'),
(145, 'bhrJTaY', 'GxRtXUj@phvfwif.biz', '$2a$10$2RoiCZFmPIEgl/p0IWVFceKFzsv6ok5Eq9npicLY3AufE3mwwt/nS', '2025-08-08 06:55:19.059', '2025-08-08 06:55:19.059'),
(146, 'stqMsPT', 'JdUEidI@TTDVaOY.biz', '$2a$10$bJO/cM47UMo3wNDb22XFMebYAeWJS76/ifHKREZ5tXU7aZlWr5rZO', '2025-08-08 06:55:19.126', '2025-08-08 06:55:19.126'),
(147, 'vyDikFx', 'gMsTeZK@HWLQfvu.net', '$2a$10$uIGr51X/gKHCvzPtKvHNsOcx95U/aYuEP1/D0APDGSWMUmqdjLYe2', '2025-08-08 06:55:32.522', '2025-08-08 06:55:32.522'),
(148, 'jAiAQVv', 'AoXnsru@TWYPAvc.org', '$2a$10$OrTcQxPv9zimMyJfEV3cu.dtyXhmxZC8Bkn61ZDwODhowVZk8Noga', '2025-08-08 06:55:32.578', '2025-08-08 06:55:32.578'),
(149, 'uGtmnMR', 'wQicVGg@HQXdSCn.com', '$2a$10$gYeDVLSo/4lkw.Lwpz4OA.oSoqXwjOywj/iyPVVWLutXkrhIrkkP.', '2025-08-08 06:55:32.633', '2025-08-08 06:55:32.633'),
(150, 'LquXfAr', 'OfVGfRh@QgGvudb.net', '$2a$10$HrCjew.qPQicHSVzEuRoiuG6FUnOfuWLDB9IxR76ckfRbXgVy1ZPq', '2025-08-08 06:55:32.689', '2025-08-08 06:55:32.689'),
(151, 'bddGeDt', 'IanYeBV@ZPgfSAC.com', '$2a$10$EM5WOkYMc2tRQPNK6s6GzuDAsPrabWNK3H98M.ehblHv3Hx5LXJ3y', '2025-08-08 06:55:32.744', '2025-08-08 06:55:32.744'),
(152, 'iLqUyMi', 'QKvhnoT@TkBkDQU.biz', '$2a$10$aHgJorxFk8DmbhnfE4gFn.9VRMxX6kkOmitn.rdQdzvNzY1H6N7Hy', '2025-08-08 06:55:32.799', '2025-08-08 06:55:32.799'),
(153, 'nqNFWja', 'UBPFnvj@oDuPCtx.net', '$2a$10$npIUkJS0bOXtarxbh9MOY.g6xgPv6rxE8PkOvIbloNOILqMkFQe7q', '2025-08-08 06:55:32.855', '2025-08-08 06:55:32.855'),
(154, 'xIdXDKo', 'pUKpMWw@YlZpBmt.biz', '$2a$10$7l9WfGWs424wLrsw3ksx4eMHq05kk/652bxzMNMjxeF8R/q4KH6.6', '2025-08-08 06:55:32.910', '2025-08-08 06:55:32.910'),
(155, 'HCStBKX', 'PpqkeXa@scjCjxZ.ru', '$2a$10$iSqN2k9ZmQPQM3iZHV5XoeRWiGdxc2ky8vF0g.EvTKPmSYkSyDJsK', '2025-08-08 06:55:32.966', '2025-08-08 06:55:32.966'),
(156, 'rfSidHb', 'gaZBQgQ@jcDGLxg.info', '$2a$10$eNkxjfDh.4tFPJYgeLttiusn9xohc0H4iL38KVnnFrMzVHqFqLmjK', '2025-08-08 06:55:33.023', '2025-08-08 06:55:33.023'),
(157, 'aZHuBcy', 'YbyjwDb@vYrihub.com', '$2a$10$wvrpH3BaC6EPHUTb51wgA.1AUvMn/.BS48HvfURWhmytUaFGic8zS', '2025-08-08 06:55:39.431', '2025-08-08 06:55:39.431'),
(158, 'gOkXIZZ', 'IGFyJQC@NshLZAW.com', '$2a$10$jx0Y.ttWFEMdHxkfwlUkR.9yAQew4vJ8AfIgrqOFkvWlLNTl6SS/2', '2025-08-08 06:55:39.496', '2025-08-08 06:55:39.496'),
(159, 'aVWaRCJ', 'CexCuJs@cXyRJdg.info', '$2a$10$mdagHsLVEEeGAwCYCa/X/u4WISKngarUVJelLRyZDPrgWogw6DZoS', '2025-08-08 06:55:39.561', '2025-08-08 06:55:39.561'),
(160, 'HlqBBjl', 'xeMVBmn@drTWcbx.info', '$2a$10$0DJNs2/.mciTTgZv2oIVY./WylNOiY0s9u9oYVGQAhZxY8KrVMPWq', '2025-08-08 06:55:39.624', '2025-08-08 06:55:39.624'),
(161, 'BOsRoyK', 'NuNvCYU@LmBEBpC.info', '$2a$10$ZIxxRgNZfeJ8e86/q93GdOafVcokp1TGU0eYhM5YuOpdRn2Wqh9a.', '2025-08-08 06:55:39.679', '2025-08-08 06:55:39.679'),
(162, 'FZtIoPh', 'XAyPLaZ@JFKDeFe.ru', '$2a$10$WdFY148VWuHUnpe8fpCuVOzhO7lP2Y2D57zSLGTjgYQEdDuqoXLq2', '2025-08-08 06:55:39.734', '2025-08-08 06:55:39.734'),
(163, 'eknwqFf', 'GhqwwWI@vRMbhEP.org', '$2a$10$oBILa8tFL.K4iNtJU5Z0.O70GNeLXuhwFVM0Gb0ihhtQHOBfjtXSS', '2025-08-08 06:55:39.787', '2025-08-08 06:55:39.787'),
(164, 'holYkqK', 'xxUsCpX@uctLXci.net', '$2a$10$KW2Jd3rCPd7P84Ky5cMca.RFL4xDGHwlxw018p/aDfHiYAlap2SQy', '2025-08-08 06:55:39.840', '2025-08-08 06:55:39.840'),
(165, 'GkeIBfZ', 'PvtJnTo@PXYRftv.info', '$2a$10$jI474i.Idcc0KSuW4DflQOPNw66EbFfYJeEmprlrh/pwjpxc2E6/G', '2025-08-08 06:55:39.894', '2025-08-08 06:55:39.894'),
(166, 'SFhFPfh', 'ntgQhta@CsMotOO.biz', '$2a$10$HVw/Ijx7q9JpSXkTWpfeVeEWIAgnsOmuhJqIMPWnrbSG1kremXcuW', '2025-08-08 06:55:39.948', '2025-08-08 06:55:39.948'),
(167, 'PFhDPpb', 'PGtYqSA@DSqXKQY.net', '$2a$10$kNTJbg1bSVESEvDyHenVUenl47ly2Tg3ClF0BHjONI1HY0ENSJjs2', '2025-08-08 06:55:40.467', '2025-08-08 06:55:40.467'),
(168, 'ItXROlX', 'OFfemCb@FKHHEWd.biz', '$2a$10$j6ynIRvdZnmCN9p3NwnetOU/4zURLf508m8jAFd37SABuykVho11q', '2025-08-08 06:55:40.537', '2025-08-08 06:55:40.537'),
(169, 'XrFWJAP', 'AkkVnMK@TTgbwCb.ru', '$2a$10$VG4t1POEDyBC1NbLsRnDUODpcA1imw2Oc8m/H8ViuNAcTjlwiLcfK', '2025-08-08 06:55:40.599', '2025-08-08 06:55:40.599'),
(170, 'CYiEKdK', 'BEbYPXk@rhtNOKX.ru', '$2a$10$QK10wUE0vERNW5ijP6biaO/uOdhWGDIitwuxgO.i6aicyjjji3vve', '2025-08-08 06:55:40.656', '2025-08-08 06:55:40.656'),
(171, 'coaaoJT', 'DfDpxvD@qKgxFbc.ru', '$2a$10$6Qqr3i.D3C7fnpkoOsJtg.LGyZpFF0ran.WGTwmJlppon0z4ScHWe', '2025-08-08 06:55:40.712', '2025-08-08 06:55:40.712'),
(172, 'LBkVDst', 'avGAZEm@JZKydBO.info', '$2a$10$v6jod2xCGmTloJaMIkAV9.yLzy9r9Vk3bNejX1wo1WCSS9PW4VPo6', '2025-08-08 06:55:40.768', '2025-08-08 06:55:40.768'),
(173, 'UqfMaHI', 'uOEfkUE@mKZHEsF.com', '$2a$10$Ez5y11sy98uPtXJIk4avsOsM2ABmLGrUZ1p0mOAeuN75xgX8Y5aXu', '2025-08-08 06:55:40.825', '2025-08-08 06:55:40.825'),
(174, 'ZrYkSML', 'MSukbQA@AUCSnNT.ru', '$2a$10$1acZVv9QaY/li6o9j2Cakem6ZNskjNGiybnskHW3SDriEFUedBuiO', '2025-08-08 06:55:40.881', '2025-08-08 06:55:40.881'),
(175, 'FUjGKfn', 'rbSvAFa@jmWtbEv.org', '$2a$10$dFKJI6hXgf3eAkOYJb4Uwe3LiKb.piA/BTre1KX7AutnQ9qje0PHS', '2025-08-08 06:55:40.937', '2025-08-08 06:55:40.937'),
(176, 'SfqWykt', 'GgFjgKp@HQrZGVX.org', '$2a$10$iRGdAwVdJnGnOHy8NWWRx.8x6mctDBetx6hyLjiO/nsB1nUGtz9eS', '2025-08-08 06:55:40.994', '2025-08-08 06:55:40.994'),
(177, 'soRvOdn', 'EwyJMBj@ZeHgXtW.biz', '$2a$10$ZPH7YqeHmsYTXcklM0TqyO4jT9ddeRr0ufvFfaxQtKPVvO74P875C', '2025-08-08 06:55:41.518', '2025-08-08 06:55:41.518'),
(178, 'aPTFjoN', 'aBcJQkh@gsOZdOJ.ru', '$2a$10$Nx43iK6euzRoEE8BynqB1.ZlWDJmbi5eZNDRO6vKnOiVI7puRMPp.', '2025-08-08 06:55:41.575', '2025-08-08 06:55:41.575'),
(179, 'TwBRUPW', 'hhyGScO@ttbDUKD.org', '$2a$10$QRXpzVG2ESPykrOzUeBoZehjv.7TzjNmyRRz1usPMwXUQXuZxV8y.', '2025-08-08 06:55:41.630', '2025-08-08 06:55:41.630'),
(180, 'ERGImxo', 'AcAPEMX@fxbyVet.biz', '$2a$10$rlyq/M/qqz7zBMs7Vv73neJ7LKWF0LhgEeyy7WDJS.Of9UY1alfHy', '2025-08-08 06:55:41.688', '2025-08-08 06:55:41.688'),
(181, 'PlwNeTf', 'KSZYtlB@aSEhxFb.info', '$2a$10$.eJsi9WYov0fPa7LjXGhQeUIWJulvJQ1/f/GS.G50p1ng9068prGG', '2025-08-08 06:55:41.749', '2025-08-08 06:55:41.749'),
(182, 'ppEKdib', 'IwrXwWV@tlaMprD.com', '$2a$10$hbJVyqnj0.zREtUwSxP1b.4J2HUnlFAZbuR71/oghQMXdtkQ7XO1S', '2025-08-08 06:55:41.805', '2025-08-08 06:55:41.805'),
(183, 'pgoKTLH', 'RuNyPTh@gdtrZyu.biz', '$2a$10$GXmcZdpATU8JtG1IWkGonu00VGAb.uOM7a5EpOMigA/FTcnnBlvVC', '2025-08-08 06:55:41.861', '2025-08-08 06:55:41.861'),
(184, 'xNyxUIo', 'IPEtGEV@fKOLOba.biz', '$2a$10$JhIxzm4t2Lb7xRcQGdOqr.Jy4GwtiRVv5WBbF8S1ttLgqO4pMlzNW', '2025-08-08 06:55:41.918', '2025-08-08 06:55:41.918'),
(185, 'JgaWtMJ', 'XxaJMly@sRPTdGA.net', '$2a$10$S8L7zfM1ukue905zO3m6J.bfHz0k.XYpMjXxdScYXzjKlXMlS77Za', '2025-08-08 06:55:41.975', '2025-08-08 06:55:41.975'),
(186, 'weYEIrC', 'ckxlbPn@nLrkXjg.com', '$2a$10$qTYz64AhI02RAXyGhV2aEeWnY9uo6qFkA1CySU23M9xS9tMZpjWyy', '2025-08-08 06:55:42.030', '2025-08-08 06:55:42.030'),
(187, 'oZACdBr', 'cxjTKJy@vOTQbsR.info', '$2a$10$HAHY5oudrWK4WYPer3qdR.9bE0/PuoPAMaEiO7idH4cvGKKoNNuNy', '2025-08-08 06:56:47.711', '2025-08-08 06:56:47.711'),
(188, 'moOYwCk', 'PxwfdEX@scWNlIy.net', '$2a$10$Q837MRZDGa220Mbinlf7sOwU6QYq0m2XNcdp7enhWDFxjpOc5gNj6', '2025-08-08 06:56:47.767', '2025-08-08 06:56:47.767'),
(189, 'fEnYtRN', 'vZrvPxX@YIYpUph.com', '$2a$10$Uzq65oYmBAQecP0vNCDGPeuZ1Lk491lUVXS1kh79E1onlVnkJnp0W', '2025-08-08 06:56:47.823', '2025-08-08 06:56:47.823'),
(190, 'DJUqmiB', 'yDtvMfc@SSFXPmy.ru', '$2a$10$CuNcEr7iCEVhLjp9BlG6mOWAIve4KpR4Um60kDZzR3APcZR9OgaWS', '2025-08-08 06:56:47.880', '2025-08-08 06:56:47.880'),
(191, 'ZSJWyem', 'AyRluFc@YBTapYC.biz', '$2a$10$1cRgXBMgN9QuFSLGJWzt7OcNbVqbWTDRMUVhGsguIXHw0o5hZ5AJ2', '2025-08-08 06:56:47.940', '2025-08-08 06:56:47.940'),
(192, 'nQJoQFb', 'iBihran@geQJRQA.ru', '$2a$10$8FSILwmi7cSxPjYjzjEstO1IArfB1r37foZpVSHBw8usKIPTcuALy', '2025-08-08 06:56:48.007', '2025-08-08 06:56:48.007'),
(193, 'lEuHWuP', 'FDIHmfu@FRjgyyV.net', '$2a$10$K3HjzOIqaKjY9GN1Y5N5keREu9b47f7RzPQJjVG2qHVSfdgTrlK2i', '2025-08-08 06:56:48.069', '2025-08-08 06:56:48.069'),
(194, 'YNlOHRe', 'aYRKFWT@nLZWXuK.ru', '$2a$10$muKvbrWLTOFTJsuNrAKEfOTpXiyiwPMAr3iE/RNpRHI3.bso8ALYC', '2025-08-08 06:56:48.123', '2025-08-08 06:56:48.123'),
(195, 'JxsXoEE', 'WESewlT@kDDYtYN.ru', '$2a$10$L7xSVgHxc4iwIbqVjYEXRe1gZHi95cDz8BpZYzPnr0ncGn3gOcVzW', '2025-08-08 06:56:48.176', '2025-08-08 06:56:48.176'),
(196, 'oYgXSVv', 'dyqnldw@pOViUod.com', '$2a$10$Kxk5RnwBrlsFKB4uyuVdme5ZccmGPjFHwcyP18kcoTckJz0kogGau', '2025-08-08 06:56:48.228', '2025-08-08 06:56:48.228'),
(197, 'mBcGhUo', 'rphigMS@LSacUZI.info', '$2a$10$4ueGQaDdgPwjXHqIcsmLGeNcjORlRjtuW.bMlunaLkfL7l4cxoPjK', '2025-08-08 06:56:55.604', '2025-08-08 06:56:55.604'),
(198, 'rnZKtYQ', 'HjuVcPY@Vukfifa.biz', '$2a$10$8kotcMHnXE.qkcF/lPO6P.7tm2xejDTp/8lXJzQosM92LMJe5ZQKq', '2025-08-08 06:56:55.661', '2025-08-08 06:56:55.661'),
(199, 'aJHSbbn', 'HUNbsVd@sdfAHvm.info', '$2a$10$rfD5DiwcXv1lKXS5g4O9YeJo45YsUODTZqbblsJL0VIZtpRuhQyCy', '2025-08-08 06:56:55.716', '2025-08-08 06:56:55.716'),
(200, 'MrFcJoM', 'BInStjE@ixsddkS.net', '$2a$10$A1aSMYWAnvem1Fe.5dhNeuFkLy6AGhQCx8e5I6hNImDLFd/711.ou', '2025-08-08 06:56:55.771', '2025-08-08 06:56:55.771'),
(201, 'lfhUDZS', 'GPlBFNq@NiKuOlk.biz', '$2a$10$6m3r125w.QfOVqsrOlAV9eEk5Tb18Ioct3t//o0lyZECoAa8SWgki', '2025-08-08 06:56:55.828', '2025-08-08 06:56:55.828'),
(202, 'PvdeVrP', 'tpJUBLA@YdiVhWq.biz', '$2a$10$WDg.d9l4WklrFb5XiuYCH.d3NMxpD2Ar2WJd/zOy/SVW6G.tPHJGe', '2025-08-08 06:56:55.883', '2025-08-08 06:56:55.883'),
(203, 'AXmgneW', 'cGRsynL@afNvdHJ.com', '$2a$10$LjB.zlLhgwS7KarfcRxaYuG57trOYJY6zrUy59EJYevzshhMrLkga', '2025-08-08 06:56:55.938', '2025-08-08 06:56:55.938'),
(204, 'wAfCaHm', 'wLupkfc@HwJTbVT.com', '$2a$10$j5hXer7l5PwuY5qJ/Wy0yuKzdkEhAe43LrQj19yFEJ8OBrXBWJcYq', '2025-08-08 06:56:55.991', '2025-08-08 06:56:55.991'),
(205, 'eGyUdKl', 'MqlkTeF@yjDVRCT.org', '$2a$10$c62zLvHpfvt6mgvYzU7qRu4rv3go02nox1zCGVhklwdYwg6xxx9Xy', '2025-08-08 06:56:56.046', '2025-08-08 06:56:56.046'),
(206, 'Efvfkpb', 'aeOdwpb@QYSVCHx.net', '$2a$10$ppFP2cOCCTbUkhl7nrlwB..9RthDZLhedkomanP6kiKRhtBB4cydC', '2025-08-08 06:56:56.099', '2025-08-08 06:56:56.099'),
(207, 'lmkLEZL', 'sUPEgbR@OiQODcH.ru', '$2a$10$3ZQtvZ3mLbZSNJMeli4xVuit0IlQbAxmTvkx6g91c7MwADnbrUT1W', '2025-08-08 06:57:15.754', '2025-08-08 06:57:15.754'),
(208, 'puGihTT', 'EnJqpid@tcUsgaw.biz', '$2a$10$q1P20ErpgQ9V4jETtqZCuOesoXWrHtCoy8.0lmE5mZk0m0hkNWJQm', '2025-08-08 06:57:15.821', '2025-08-08 06:57:15.821'),
(209, 'kUSRTsO', 'ftIbhfd@iJwtHQf.info', '$2a$10$sAuNQmiJKiq8nnBYCwv7buZ.vBPBM3rb2nw/NHHJ3t2gJoQf348em', '2025-08-08 06:57:15.884', '2025-08-08 06:57:15.884'),
(210, 'XqBaswj', 'VIyTsNO@nLGDoJn.org', '$2a$10$XmbQtuK2usbpwy1sc3Bv8eGLXt75bTRrcafncabIUfiGYNKmhTPE2', '2025-08-08 06:57:15.952', '2025-08-08 06:57:15.952'),
(211, 'lWyEsFk', 'TGQEpfN@nQkNqfZ.info', '$2a$10$uXNH9orybwOBF6nK3fjleOTd2v5S7EBiCDpWT7czUzABrYYnjU3.W', '2025-08-08 06:57:16.012', '2025-08-08 06:57:16.012'),
(212, 'NZqsfei', 'nkImZwf@NwSBroK.net', '$2a$10$.DBoi4..ylTX0I3LNn/7aecOg0hUSRAnokCUAkOZ844ByD16N1oeW', '2025-08-08 06:57:16.067', '2025-08-08 06:57:16.067'),
(213, 'oHVuNZg', 'XWpWFEc@PPFOsXl.com', '$2a$10$ChqrVxrDTTvZRRgy7T6kXu4CDDDDkp9H6lMc4NeS1i8siTyKlkZGu', '2025-08-08 06:57:16.122', '2025-08-08 06:57:16.122'),
(214, 'PrrOKUK', 'kJxSUww@OExWTJl.biz', '$2a$10$kqAEbNREWeIAHgB6OHIhDOUydzhsmzoBrLK0luuOd7tUzU.udRrYq', '2025-08-08 06:57:16.178', '2025-08-08 06:57:16.178'),
(215, 'tRbFtqT', 'fmfYZjK@DJhCmUu.info', '$2a$10$/7RXbCGQGEY/zNWVkgXavOzQi38Ky61Wwx6y.G9SWndlFN/SrC97e', '2025-08-08 06:57:16.233', '2025-08-08 06:57:16.233'),
(216, 'eAUHfjC', 'ZNKJQJI@gcJVycA.net', '$2a$10$1PnyR6pKkLu7pKtLfwnTi.wWgD1ieWL2fmjBUfg5p6FHwMZqfdrCy', '2025-08-08 06:57:16.289', '2025-08-08 06:57:16.289'),
(217, 'DOJsTMR', 'wuQSWsH@bdHAvSW.net', '$2a$10$gPWGhgzR.igiOS5M1Ibw2eSEBM3Nqge0KN0aRUX8HwsZ27WMkBDxa', '2025-08-08 06:57:21.848', '2025-08-08 06:57:21.848'),
(218, 'fLKZTcC', 'burSpKG@TqAGPrR.net', '$2a$10$U63egwSOaiqHWBiAmdEXa.rE6irIgAn57h9Rr3zR6JPvbTOMJ/uEO', '2025-08-08 06:57:21.901', '2025-08-08 06:57:21.901'),
(219, 'GUmRtPD', 'PXOPCTy@YqbOrwy.com', '$2a$10$mMrxn3vLLoqSzWIj7W.3.OoG7iHXK8oJa4XkK/sGHIoPKzUzoUHLC', '2025-08-08 06:57:21.955', '2025-08-08 06:57:21.955'),
(220, 'bIFwwxT', 'DcLTtft@RQZkAFQ.ru', '$2a$10$bOPRK.aFXBvnkN2GRkEmFuGMrDDPAM4qxVUsl6AueCxuQgqURW7ky', '2025-08-08 06:57:22.009', '2025-08-08 06:57:22.009'),
(221, 'tNlhMDQ', 'yCTYJsn@jqwipuF.info', '$2a$10$8FtuXVkpf8ZuKePJj/S6ZudrCT1BecG2do.rJAIZkMk95W8jZkzIK', '2025-08-08 06:57:22.064', '2025-08-08 06:57:22.064'),
(222, 'pcBcDVn', 'DiWdiCD@mdmrQiN.org', '$2a$10$TrvVNoVfTZq1z4.rAtZRx.qBL0BQfalYALHnjZUqtDcGImYISOOO.', '2025-08-08 06:57:22.120', '2025-08-08 06:57:22.120'),
(223, 'kuvuGlH', 'IQKatqm@vwCOerZ.info', '$2a$10$n8mvXXNHSblyqdk5KuU34uhXDvk.G1RmaiGPmz9OqDqxYc17wGi/.', '2025-08-08 06:57:22.173', '2025-08-08 06:57:22.173'),
(224, 'fCEGYmn', 'wyjybnj@epeNYTa.ru', '$2a$10$F.ia5C1BpXIQYd6SNQCQUOpOEagnw224Od.LPeCvaacm1Valqy5Qi', '2025-08-08 06:57:22.227', '2025-08-08 06:57:22.227'),
(225, 'SKwRyXU', 'KPBhxcH@fCxyxgv.org', '$2a$10$kUPI9d1/tw8Eo4li54c0tuCpMuDW5zJyIBaqk5.dKrrT.gq39iNjS', '2025-08-08 06:57:22.279', '2025-08-08 06:57:22.279'),
(226, 'GqinHEr', 'bcVbFFa@eqjACvG.ru', '$2a$10$mXpTuF9yv86zG94ph7gaI.3rECIqf2pOak2sr.8sF27m8TlzL/hmq', '2025-08-08 06:57:22.333', '2025-08-08 06:57:22.333'),
(227, 'yIEOMTK', 'xASqagL@HDbZVog.info', '$2a$10$lSYVGhpCAxvZtiTa36pSh.h3T9UqOe.jN03c9q/U8tf81njeoxh0u', '2025-08-08 06:57:25.106', '2025-08-08 06:57:25.106'),
(228, 'SAPDCTT', 'DtCiBKQ@BWnlQna.org', '$2a$10$ABdlpHtikI7XDeYTEDUAqOr22rAwLPQ1ti6fi3wwt8AUwScg59i0S', '2025-08-08 06:57:25.159', '2025-08-08 06:57:25.159'),
(229, 'FKTtgRU', 'BSEtJxV@yOwjTWL.net', '$2a$10$aPpoA6XqgfrmNmdTxu38uehxRyfaXuIcNrbyE5DKSLR5vr3SCiAJK', '2025-08-08 06:57:25.212', '2025-08-08 06:57:25.212'),
(230, 'nCsJdJy', 'JOUIlpF@lgfcQJI.net', '$2a$10$Kyuwh0SgOSR2g3M895e4VOfqUlEhBEt5rrUIsQ8rKY/S7Omdt/N26', '2025-08-08 06:57:25.265', '2025-08-08 06:57:25.265'),
(231, 'GECQEFX', 'tWUWyno@LYbNmvX.ru', '$2a$10$6J9boXDWq/0.K5zdMVPZeukCF9VBH9OHHGeM7kWnBoVOiJp29JZFG', '2025-08-08 06:57:25.317', '2025-08-08 06:57:25.317'),
(232, 'AKoQvsT', 'HlBstKm@uPkZaPH.info', '$2a$10$VHOiw/97ubu1k2I.Bu9U8.LAt31WeDjhfc04zKH7YZeHP5ZxzEAv.', '2025-08-08 06:57:25.370', '2025-08-08 06:57:25.370'),
(233, 'BfpkJSn', 'fmBlqhI@uKhoIJs.net', '$2a$10$lRbve8oBOT7Z2LPb6ew8seDFLiG/Gu5KD1rsLOrF.jeIJdHEOsqL2', '2025-08-08 06:57:25.423', '2025-08-08 06:57:25.423'),
(234, 'bpRwDUB', 'GenrWWG@NOHoyRP.org', '$2a$10$wcWJee1IIX0myGTHN.ipHesFeZQZoAoGMO6JT3uQfo3UFg/6goBNG', '2025-08-08 06:57:25.477', '2025-08-08 06:57:25.477'),
(235, 'xKiXvRU', 'ihZSdkw@QxuLONF.ru', '$2a$10$T/09hU7NGJf0HEn8XnNL7eEP0GLuZnSAD.Y97m.O1GC9vsS7WOoOi', '2025-08-08 06:57:25.532', '2025-08-08 06:57:25.532'),
(236, 'DDncXiD', 'ssahWNT@MxkEker.org', '$2a$10$84wYiWmOBlpzQUV/6zUDbe1IkmSTy.S/gHlk0FQWKsElkMNy8Rjxm', '2025-08-08 06:57:25.586', '2025-08-08 06:57:25.586'),
(237, 'KxCGnQX', 'mbGZVER@yqILXXq.com', '$2a$10$.4TKIG5nRNCTL0wrTRkKbeT.b9R1Y7JHBNpIzkRe48aDIoz1YdZ46', '2025-08-08 06:57:29.020', '2025-08-08 06:57:29.020'),
(238, 'VCgUYDU', 'QFdWkYu@ENhkVpe.net', '$2a$10$hPfVCnOLaq5pEXkdeE5MAeB3w8ISWzsnC3dviZ2fI0hVwKqtSOBCy', '2025-08-08 06:57:29.075', '2025-08-08 06:57:29.075'),
(239, 'LCuCDsY', 'WNmaTvf@uodFlWd.com', '$2a$10$b/Ne0GtuHeLwgXoxLibW1uOZpD8R1l79Jm..NXN1MnV.YkTDB3fn.', '2025-08-08 06:57:29.130', '2025-08-08 06:57:29.130'),
(240, 'MeGkpOi', 'ajsLiaH@VNUPZfB.org', '$2a$10$p1iAhKtfaCdhgY2Zl0pLSOlnwEKgDwWoeaucIGMFuydcINZVtGNc6', '2025-08-08 06:57:29.183', '2025-08-08 06:57:29.183'),
(241, 'sqgoOuW', 'mdiklva@PWDYRSY.info', '$2a$10$Bv1r1kDtJOkCtZpr6bKqvOzpz0lGpNcLerYjxBq9XgBuczf/obA9m', '2025-08-08 06:57:29.236', '2025-08-08 06:57:29.236'),
(242, 'UYgAOiu', 'RKwiaQp@HokBSUP.com', '$2a$10$TreeQfS68z1IZ3DSKluj3e22bQzzHMEGXievQyTuS9Htymi/YFW62', '2025-08-08 06:57:29.289', '2025-08-08 06:57:29.289'),
(243, 'aryShhw', 'MhQFhvs@PeBJLxU.ru', '$2a$10$uSFQOdlsKhxhOeQpPMbHguddiMHYT7tjSmfFN.cWfY172tLC7Wl/u', '2025-08-08 06:57:29.342', '2025-08-08 06:57:29.342'),
(244, 'ECTLatU', 'kyoLgAO@ldwasng.org', '$2a$10$1uO0t9/Kd3ExguVgXy8D0.Oug/MYTWHLIWlNXy0K.D5trVxuk96Ou', '2025-08-08 06:57:29.396', '2025-08-08 06:57:29.396'),
(245, 'akoNSDh', 'buDlmaH@eeCmKbd.biz', '$2a$10$xUiHt61P0G1Npmu8a1py4eJnNjZeZsAq6s1kzRFbtfAtWcvvPDof.', '2025-08-08 06:57:29.451', '2025-08-08 06:57:29.451'),
(246, 'gLQbkyv', 'RZsUpAd@FBPOyxT.org', '$2a$10$1OoZpOwFliFrAvDil8glLOrb9.PMXqcbAjbVAEsh64l6.rp8zLlsO', '2025-08-08 06:57:29.503', '2025-08-08 06:57:29.503'),
(247, 'EwmHtQo', 'leXvnyi@WUmnymm.info', '$2a$10$PghHKpuF8sCO4GVukzylauC4ZS1mRul4IclZfydHhvaSSzP.m00By', '2025-08-08 06:57:32.300', '2025-08-08 06:57:32.300'),
(248, 'gUTicoq', 'vYQbZik@SUtfxyS.com', '$2a$10$R7jdiyou0K1OK4Mg0anr1OrCvoomMwXTnHHZg9F5EoK/KfqRuleW2', '2025-08-08 06:57:32.356', '2025-08-08 06:57:32.356'),
(249, 'tmtoMLY', 'eYPmecK@ZlHGIGV.net', '$2a$10$Ujmg81DpldxqSOMpP1hvVO09r2s68cZIlnBbDEufd.J8rOn2bZyBm', '2025-08-08 06:57:32.410', '2025-08-08 06:57:32.410'),
(250, 'sGdusiB', 'NKGjEbJ@dRdDrxL.ru', '$2a$10$/NzqWEo8gsawEBF6bnDxjeUCURlJgjgXz5HLPMUM1awnYZGFqByVa', '2025-08-08 06:57:32.463', '2025-08-08 06:57:32.463'),
(251, 'XBhbWKu', 'nxKRFNc@hNlnSIK.org', '$2a$10$BfZW.TOiO9Px.54qSuY5YeTmRyGt9zyHvK0Dkj4Ht4dL3QW1T18O2', '2025-08-08 06:57:32.516', '2025-08-08 06:57:32.516'),
(252, 'UyrGmGO', 'SpmpDOm@WMMNgPA.ru', '$2a$10$T5C7bqs4InUAVhwCephX..mM.sOlyQ1NQwfFBE/T5Rdwp9JJq8HSO', '2025-08-08 06:57:32.568', '2025-08-08 06:57:32.568'),
(253, 'dlXitYq', 'ktFMDkM@VDEfKjB.ru', '$2a$10$PcZuaJ0EAo8Er4aGsJoYgOykZc4qlb7a2z1cyRxFor.A.9K/iO5h.', '2025-08-08 06:57:32.629', '2025-08-08 06:57:32.629'),
(254, 'agRAojN', 'lRPPDgl@UGXJVXg.ru', '$2a$10$Hb3x8YE2ObZQCfz/75fRaeFtF/gwwjtEYiBItN7ZqAnlICFOwhpsq', '2025-08-08 06:57:32.686', '2025-08-08 06:57:32.686'),
(255, 'NmDicCd', 'glHAXmm@laNbCAF.info', '$2a$10$krJL4n6IIaFimkrpSeQYxeHYUz1/sRnig5QRhX6AF31Qb/hcME./C', '2025-08-08 06:57:32.752', '2025-08-08 06:57:32.752'),
(256, 'FNmeoTE', 'sipkVde@AxehQXs.org', '$2a$10$DIQi17Dc6GDm8GZcRDgJven8virlcUw8k8xR7f3.9rbLbtzCoaXlO', '2025-08-08 06:57:32.812', '2025-08-08 06:57:32.812'),
(257, 'GwudvZx', 'ZVPjIEV@KCHDGsF.com', '$2a$10$f94gCCphJBwp7L2eTg3JiOpF.fDUfX8JsgccOo6IJ0e3YOGOtoANu', '2025-08-08 06:57:34.643', '2025-08-08 06:57:34.643'),
(258, 'rGRqCxv', 'jLBmuUc@dcHUqYp.biz', '$2a$10$sMWXlMO6f6e91FPsHxTt6uvE8kUiSu8JHmNuaB/CnsBOpjqwLqXZ.', '2025-08-08 06:57:34.696', '2025-08-08 06:57:34.696'),
(259, 'XeJNvyX', 'eAZmqnn@XiTqArY.info', '$2a$10$.t9sGEAHDvcbPYMLszLL0e3UDw9HBI1b7oMgWDlLPWA8Pc3SvvpzW', '2025-08-08 06:57:34.748', '2025-08-08 06:57:34.748'),
(260, 'PcqsXxG', 'JWyByPA@yBJueot.net', '$2a$10$5tVu.mf41whFfxmC.HtFiuos8dXh9429i1bkr6xNdJW97pu55Chda', '2025-08-08 06:57:34.800', '2025-08-08 06:57:34.800'),
(261, 'hMnXYSj', 'CsibaqN@tRxfwDH.biz', '$2a$10$cqe5yIUlumc7aVEN5YG5EeqrNfhNcDEKcO7UqMn87zj/Hv4dJRsxS', '2025-08-08 06:57:34.854', '2025-08-08 06:57:34.854'),
(262, 'ZPpSWTX', 'ampKsPw@ttYMOrQ.info', '$2a$10$PmE5chc75xQatbChobCy..jjfeVUFm2iI08DcdZ3deYs8/rtvykY2', '2025-08-08 06:57:34.907', '2025-08-08 06:57:34.907'),
(263, 'DkCEsOL', 'aqYpyDK@lPmCPCn.com', '$2a$10$PbE5ZFXREXjxlSc3pzWLOuni0/bMzSqgVwsrFK7jZ.kY8anUe6hs.', '2025-08-08 06:57:34.961', '2025-08-08 06:57:34.961'),
(264, 'JmPDfoH', 'TSRHiAo@xseyeWi.biz', '$2a$10$k3uLU1xcRaLrK8SQ2yI/PuWiZrhrBoOv7I7enz4K6b9ZRYtUCtKqu', '2025-08-08 06:57:35.016', '2025-08-08 06:57:35.016'),
(265, 'OBVaJLq', 'ZCAIfVQ@HefkKkB.com', '$2a$10$.5YWunje.twchNcy7e8cr.sORp12jXF1r1l2YdCgPySLQFPpnuWIO', '2025-08-08 06:57:35.073', '2025-08-08 06:57:35.073'),
(266, 'KjRSLXC', 'WTHsInv@vvbpTIK.biz', '$2a$10$FTlzd8rx.TEGYk74CywA8eK/pY0/CPo5eHFzlPXjtCSw/Y9t4bCRG', '2025-08-08 06:57:35.130', '2025-08-08 06:57:35.130'),
(267, 'tcAREmw', 'lalIQgU@DgbnRuI.ru', '$2a$10$hlOocy5BlrQl8P/L89bneO5PZPdR.4tVTW4Dlu7keoVsAdqXv6WJa', '2025-08-08 06:58:06.984', '2025-08-08 06:58:06.984'),
(268, 'eGWCjby', 'QSIbHDZ@sPwdhLq.net', '$2a$10$D/OMemHB7/EX6csrI3SMqugvDON7UcbXIT3K9fnfb1hJlJvg2zBmu', '2025-08-08 06:58:07.037', '2025-08-08 06:58:07.037'),
(269, 'iFGHKpi', 'VdIgOgY@hliqaNo.org', '$2a$10$9eaRNjxy/PqwhGXkw/u6a.n0F5vGWokoRieMaKwFPwNzkiywIY6ZW', '2025-08-08 06:58:07.092', '2025-08-08 06:58:07.092'),
(270, 'bbnCguW', 'XWvRNOC@CcijGEx.info', '$2a$10$jJMGHhqWSxfkXDqHpCL.JuUMDCxFNuEKKITOn6pT4ZtGAMENX7QBG', '2025-08-08 06:58:07.147', '2025-08-08 06:58:07.147'),
(271, 'WZKXmFY', 'dHpqQoa@cZlpJFI.biz', '$2a$10$IuTnEBavKRvNrEd8lcrAGOVS06OY3vhXWMY72BhnbhUUIFOccztfC', '2025-08-08 06:58:07.201', '2025-08-08 06:58:07.201'),
(272, 'TBcnoBD', 'SKVNvwW@FRJDcgu.biz', '$2a$10$GypbkWzFaRV/Dh.aFCTzuuyjS9rGQkhTD80V9WM3R.zpyqyIRfWfm', '2025-08-08 06:58:07.253', '2025-08-08 06:58:07.253'),
(273, 'KsDDNSH', 'LYaNBCl@sIUAVME.net', '$2a$10$gqkxO3I3hBgt8bmV7sJfr.dJ42x/zKpwfcniosKsA5QyF8t4kkj9G', '2025-08-08 06:58:07.308', '2025-08-08 06:58:07.308'),
(274, 'EPYJrcY', 'qUGRAoE@jnxLRdQ.net', '$2a$10$SI05oX.9.Q2tCQUyhX69SeUN2ZSeMJEDtknDiHHKFJXPDGWobkqTi', '2025-08-08 06:58:07.361', '2025-08-08 06:58:07.361'),
(275, 'oJnaTGW', 'Nmuweta@qSvBLEv.com', '$2a$10$XB42ZMNWI9KEMDsi9J/52.C3po4IAYHIRNc3Y0eLNZlLp1Zp4O9MC', '2025-08-08 06:58:07.415', '2025-08-08 06:58:07.415'),
(276, 'xSHJDlG', 'MfAodNS@PcEFFcE.net', '$2a$10$.wjBCnKRuL8nZUDw1NKiP.AU/u9ov2ANMEdCE8o4Nc36rlq6OdVaO', '2025-08-08 06:58:07.470', '2025-08-08 06:58:07.470'),
(277, 'LCZDyjb', 'mBuEYAO@mTlVJur.com', '$2a$10$mMED1uQoyG/X2mWIB3UkQu8rbww7cFV5r6zID/dj7hwCjOiuYJpZC', '2025-08-08 06:58:10.037', '2025-08-08 06:58:10.037'),
(278, 'mrOrgfG', 'SisloWB@GNAclit.info', '$2a$10$cK5es1U1yynrqCFZfHgi4OjMItREzFDb3DmGBRsWT0ghF7caEKil2', '2025-08-08 06:58:10.093', '2025-08-08 06:58:10.093'),
(279, 'PMylJKr', 'LhocAaK@bJonLYk.biz', '$2a$10$tABXmvgy.5wo5/WbkX7QZe3B06tcx10xO.3K0xNq2kazb9e.GHSNO', '2025-08-08 06:58:10.157', '2025-08-08 06:58:10.157'),
(280, 'yaIyKPq', 'NKRVcrW@XmmYavI.net', '$2a$10$YxK6wXTltsfX9CRwRbkZeO/kRRkeWhlCNOvonUkTDdMZCqqERk9dq', '2025-08-08 06:58:10.220', '2025-08-08 06:58:10.220'),
(281, 'sieCcCO', 'oTnrQVw@oNwCBia.info', '$2a$10$KcHiyJgHSyauzwpXnaMvs.rZLR8M8jbZcd95KoAK1aZTSAq/COz.e', '2025-08-08 06:58:10.305', '2025-08-08 06:58:10.305'),
(282, 'xVhfjiG', 'OrSFvsi@lRpMIQa.biz', '$2a$10$/fx7KrUKEJMy4reMKfOtTOATGlIm4WfDsdgBxiw2jiUL2LsT9TOPq', '2025-08-08 06:58:10.365', '2025-08-08 06:58:10.365'),
(283, 'JMIGMaU', 'AIsYBbS@EPdjIqx.org', '$2a$10$Y0yerzXKZ9.6IPWJLuun2um1bA5YOsY3Var8K83Q32FuX2/Kol.Rm', '2025-08-08 06:58:10.423', '2025-08-08 06:58:10.423'),
(284, 'wARnrUj', 'AynSjtG@rMmXDcr.com', '$2a$10$lOhjHvCrPI5Phvgm7xkIZOKhir0U3xZamFdTj/23987Hlf5zL4fCG', '2025-08-08 06:58:10.477', '2025-08-08 06:58:10.477'),
(285, 'vFaJtvT', 'GBDRIde@lpjfZVX.ru', '$2a$10$fB0hbZ.Y9/QniVSt7xJjQeFhxGkmHYLK2c5pqhsehx6iIUi88pOmG', '2025-08-08 06:58:10.534', '2025-08-08 06:58:10.534'),
(286, 'llVpYmb', 'DkeVbHY@jkqCmeK.biz', '$2a$10$FQlnLifyu2oqDpSJIYeObOc70UQduO9ntDM/FlzzSUDVRFJhLYBRG', '2025-08-08 06:58:10.590', '2025-08-08 06:58:10.590'),
(287, 'NbGKefg', 'khAIgBF@vuwgCFn.info', '$2a$10$agLzVaDWI8zXCBHCVm5EOOVKwvbln7ggbC/wVI0PhXTz07DoM2mcW', '2025-08-08 06:58:11.951', '2025-08-08 06:58:11.951'),
(288, 'rsgXQFs', 'aCJjgxn@RhuksSW.biz', '$2a$10$vj5ytIwW3s2zyMYV6ojXT.ym6YKQ.zckNpPkl4sPa74vTu0zNZ.Ua', '2025-08-08 06:58:12.004', '2025-08-08 06:58:12.004'),
(289, 'MdFRrTw', 'crZIZJJ@eFaaSaY.biz', '$2a$10$Skwjka5oR2ZNZMGxBL9WpOHjM7fDaPMmv/UdegLemfPUeuJBY1vka', '2025-08-08 06:58:12.058', '2025-08-08 06:58:12.058'),
(290, 'WtoDSSi', 'anOsJXW@VkChyHL.org', '$2a$10$Tgyv3DiGy85yhV4By7lsg.wBmE4zQwQM/kkP.KsO1dzNPjpk6soPm', '2025-08-08 06:58:12.112', '2025-08-08 06:58:12.112'),
(291, 'KODEGsK', 'mYuKMqO@AAkNoSs.org', '$2a$10$GQ.D/JPGAO3PcJnwretWMevQ1zCJWO3EUmnzLaRrdYtQZDE2O0jFm', '2025-08-08 06:58:12.167', '2025-08-08 06:58:12.167'),
(292, 'UGeFLWs', 'PaxXTIC@TvjYkpK.ru', '$2a$10$xKhkHNW04EjF6SpmaMYbPOBeB3NNpDW1Aaj50BcjnTCYpUYTiHWvC', '2025-08-08 06:58:12.219', '2025-08-08 06:58:12.219'),
(293, 'JpmsXct', 'cdPSQTk@HOhpFeU.biz', '$2a$10$jHYGcK8YAf7RoFh0ytAX8eWHhVIyMIk8/fLihqOAD3vfOGgXpc5zu', '2025-08-08 06:58:12.272', '2025-08-08 06:58:12.272'),
(294, 'LJfgVBf', 'QRFbmos@jTNnwYM.com', '$2a$10$8Z/0w7aZoJxyU61Bq1F/wOLmNK8j7n.0X5rgRG.bbQ5F4EWODOM3G', '2025-08-08 06:58:12.328', '2025-08-08 06:58:12.328'),
(295, 'jMIvAMF', 'QfKhYpO@pAebmCv.biz', '$2a$10$g.ELF7p7SbCD1RDt38/OXO7uZO6EFYHfI2225gan2B80isa0QwL4O', '2025-08-08 06:58:12.384', '2025-08-08 06:58:12.384'),
(296, 'WCOdoXo', 'cytJycO@ddNrhuG.biz', '$2a$10$jdNEItPlXo4tdFT/fFEUJu65CWUDaFd0I4bwfC3HaoZElgi4p7Wou', '2025-08-08 06:58:12.440', '2025-08-08 06:58:12.440'),
(297, 'RsWJrgl', 'ukWIZjb@QfOQBCP.ru', '$2a$10$IYwFLJMz4m9.v0qGzX316O2jwuS6wD/iG9AfgvxXLhB.XANZw/4P2', '2025-08-08 06:58:15.171', '2025-08-08 06:58:15.171'),
(298, 'DgXTbMR', 'KjGFQRb@hkgnWHG.ru', '$2a$10$llAAMXWOW74FuDAYYk0f9utVUf4SAZVBoWcheuCFGePX5XOMYxW.S', '2025-08-08 06:58:15.225', '2025-08-08 06:58:15.225'),
(299, 'oJHRUdO', 'FkOkmJp@tPPQsBP.net', '$2a$10$URcKohU1FJgXeVFz9jjJSu6NFIAlWdQrE5JOKWin1tOr4PIvPw0OK', '2025-08-08 06:58:15.278', '2025-08-08 06:58:15.278'),
(300, 'rmgDPUR', 'cayipkF@dEdqKRh.ru', '$2a$10$qtThrA6I.O.wD1TQxc6N2OILDN4a070tw1glz.78YDYMR2tftFlUG', '2025-08-08 06:58:15.331', '2025-08-08 06:58:15.331'),
(301, 'xHERqnn', 'dVIMRQR@cYWFtOI.info', '$2a$10$dussHCqeer4JRqwiDJc6nuYoaBkM.InJ.ki8zuBjlno3g8Vzp3A9K', '2025-08-08 06:58:15.383', '2025-08-08 06:58:15.383'),
(302, 'UjvLQWS', 'VSjnQos@TbvdPsD.net', '$2a$10$vYVQ6g3DmXzX4Mau2egkbOU6ylun1RhyFCChUFUBywMKqFCrHwZ.m', '2025-08-08 06:58:15.436', '2025-08-08 06:58:15.436'),
(303, 'nnlCmIr', 'KMtYWoC@clMnYgr.biz', '$2a$10$dBVRjhwM1v2sxzuZUFzI6Omk6zc8FEOdAPYhihsa9lEBLlx6qx0zG', '2025-08-08 06:58:15.489', '2025-08-08 06:58:15.489'),
(304, 'kmJsnyu', 'IQaDxyt@cJcSWyj.net', '$2a$10$7EMLgqkzHAbuqVVszn/wQuIQNH3g.ERVxJC0t8oUYsg0dks0rZK1y', '2025-08-08 06:58:15.544', '2025-08-08 06:58:15.544'),
(305, 'ZKnUJwM', 'gvJdrGb@EcvNpgR.ru', '$2a$10$0KBTYFmnTGLnSvaGxyZBOurgsFiTpN4OV9VXRQH7vzidT0lIZIsf.', '2025-08-08 06:58:15.600', '2025-08-08 06:58:15.600'),
(306, 'ItrZwgd', 'AyjfxYp@SUJKBuC.org', '$2a$10$Fe1pUz59Ii.rDFbgprfdO.b6u22G1joYftTKByJmZNKfuG4hV4nPC', '2025-08-08 06:58:15.654', '2025-08-08 06:58:15.654'),
(307, 'PUuIsWW', 'uFcEhGx@TKPuRVO.org', '$2a$10$z/AnXjJDRi0ZRA2Mp9eqMep.fSrrDGnFLjIoeS5EBYRPyomE33Mfy', '2025-08-08 06:58:18.095', '2025-08-08 06:58:18.095'),
(308, 'dxdYwBH', 'tibcaBY@KEAxUpl.com', '$2a$10$t4nyKkp1VhtJUkgTSbFrrudYPBZcGA1Z3s2Wqv23/VljKSgCks77.', '2025-08-08 06:58:18.151', '2025-08-08 06:58:18.151'),
(309, 'ZDNuREe', 'LcluLZA@ZdlBRgj.ru', '$2a$10$z0on012yd0COxPEN0nroJ.oq6jP8Cl50uAzoQQlHDof8RIgfpMLDy', '2025-08-08 06:58:18.206', '2025-08-08 06:58:18.206'),
(310, 'fnMhXTB', 'ZntTbKA@niUFVGr.biz', '$2a$10$tT9sEGo0UtWP1IdiZXyq..vwAHoqFuvK.tb6hjDW/aGnQ9y7WIJfe', '2025-08-08 06:58:18.262', '2025-08-08 06:58:18.262'),
(311, 'jiPhehg', 'NMWQmNb@WXRfvDh.ru', '$2a$10$fR27Nms9BGTqpFbBlzlIGeNhQJDamF1La7iBrraJ9PoOLW8z1mR8u', '2025-08-08 06:58:18.319', '2025-08-08 06:58:18.319'),
(312, 'jkdOonn', 'rYUphBD@nnODmXR.com', '$2a$10$8mVbJembfKQDNwcycFkCv.mPFeE4xcDE2GmIfTRLCAx8WeHgBsP4m', '2025-08-08 06:58:18.374', '2025-08-08 06:58:18.374'),
(313, 'HfTlRSk', 'pBmteRQ@DWrIeMf.com', '$2a$10$OSSq2kQu2gP01kHusAUvwuyYHVFQI/1EbEjaYilbvISponQIeAOP2', '2025-08-08 06:58:18.431', '2025-08-08 06:58:18.431'),
(314, 'kDpntxh', 'NGxdSFi@GlFacsM.ru', '$2a$10$UJL1k0obfLLN/I/4xsoEauxXMpzpZqP2lufYY/eEdoXsCm.cyVVa2', '2025-08-08 06:58:18.488', '2025-08-08 06:58:18.488'),
(315, 'nZofVUS', 'gVbuMIr@pqhdkkN.org', '$2a$10$/CFiLKWRmc9DaIJkoxc5keus7AmL0prCm.LeIh.lbTWGAifprdtsq', '2025-08-08 06:58:18.542', '2025-08-08 06:58:18.542'),
(316, 'STcOsoH', 'iOPpRDj@WhSYkxm.net', '$2a$10$9F/AXd3tr/xHfrzocAqQ4Od6adGK3sFxJBwfiR9vVgfRnsgKpbfAO', '2025-08-08 06:58:18.595', '2025-08-08 06:58:18.595'),
(317, 'CwyRdnc', 'dpKyZdX@Ktpqytg.biz', '$2a$10$NRgTUJGYtl4g2RhVyXe8jO6xWXnTbXHhWjaCvpfEtnAS4FrICPbn6', '2025-08-08 06:59:34.461', '2025-08-08 06:59:34.461'),
(318, 'aMYFRBA', 'YaCaFTP@nrKMjiW.com', '$2a$10$LIVCDkWQTKo5hU/zVWBfp.I1W8I2QHKMwg/Ea2wtwsSGeoVlWp55K', '2025-08-08 06:59:34.513', '2025-08-08 06:59:34.513'),
(319, 'eowJVYR', 'SMXYjAG@wngQCQH.com', '$2a$10$lTm3czelovPPCS.Sa/eH/uru3WGK9Rczyt0dCYbzwZAppWQMPVxlm', '2025-08-08 06:59:34.566', '2025-08-08 06:59:34.566'),
(320, 'PZwWXsQ', 'jMmOknP@BxsvIKu.biz', '$2a$10$48DXgmc9WbZSndBRSesNA.ZR.Zp0fY8sMuKfiR0moXO6adBl.gKB.', '2025-08-08 06:59:34.619', '2025-08-08 06:59:34.619');
INSERT INTO `users` (`id`, `username`, `email`, `password`, `created_at`, `updated_at`) VALUES
(321, 'VdeoOPR', 'oHwWpyB@aJWBVve.info', '$2a$10$qnO8lzAJl6kc7m/gjzBHveTXNsp7fYAR5xSVkhrQHCHCQpxfJKC46', '2025-08-08 06:59:34.686', '2025-08-08 06:59:34.686'),
(322, 'ASPtUso', 'YZKVJmJ@GAtUEaN.org', '$2a$10$pPoKVaaomdS6wByluDZ44e.3f6niQDmAUwG31rPbJ18DXF8gqsuje', '2025-08-08 06:59:34.747', '2025-08-08 06:59:34.747'),
(323, 'POmnCcn', 'IUOpWtF@JKtTHqP.ru', '$2a$10$OAyVTKu2prdXtSh/PwIGweE7yXhBw1jEQE3aHQMFgFtBE6.pyEuiy', '2025-08-08 06:59:34.806', '2025-08-08 06:59:34.806'),
(324, 'uvilqrq', 'MxICHvq@JgYwZmF.net', '$2a$10$EalIqFZwzQXvwKV/yb4d2uokBVBwYH8VBVFC2g/glW/hvXHns9v0y', '2025-08-08 06:59:34.859', '2025-08-08 06:59:34.859'),
(325, 'xWjGSkY', 'OQVvoXP@KGhisEY.net', '$2a$10$hTBmOHEADdd98AB4jg99PO9LTgsUrqMpm8uKxipzzk/uynpvpnLvW', '2025-08-08 06:59:34.912', '2025-08-08 06:59:34.912'),
(326, 'kQNbaAV', 'vypXXRt@ORdiZfP.net', '$2a$10$X9veJlqTpDfou8enpxE5weD/ErU2JhzQEZ/wx.0Y7slFm9QS1W/se', '2025-08-08 06:59:34.964', '2025-08-08 06:59:34.964'),
(327, 'UeFOgtU', 'qAsMilW@nboBoxy.net', '$2a$10$qDKC7OEIUE8MJqD4OvFaVOKnhBkGDAEGBrgt.9//zmSlpf096N7hm', '2025-08-08 06:59:45.313', '2025-08-08 06:59:45.313'),
(328, 'yWXbibH', 'ebHTrNh@PPehQbB.biz', '$2a$10$aXi38B.RsURcfTipS/tV8ONTvKQ5DKPMy4tNLyS5.4Kt/I2RYSNiq', '2025-08-08 06:59:45.368', '2025-08-08 06:59:45.368'),
(329, 'RVSPlkq', 'txbLIfk@VgaiIpu.net', '$2a$10$IILJdi50nQ3f6gT9knWCSOHLmNn9BwIBhfas2jUdBaSFvqe/xd5M.', '2025-08-08 06:59:45.427', '2025-08-08 06:59:45.427'),
(330, 'NUxdGSO', 'FfPLWvb@yLtZwYg.info', '$2a$10$60GCUP2goMADuAj5WxKMI.4oMK28LzBtMUaACg25wFW2vHJG4KZbC', '2025-08-08 06:59:45.489', '2025-08-08 06:59:45.489'),
(331, 'psFVbet', 'NQXXAvo@fgwOJgp.info', '$2a$10$mKnIo3ogsOFy9SZdhB95fO4A4tuYQxWzDunNtJB0yUQqr3dLrpen2', '2025-08-08 06:59:45.553', '2025-08-08 06:59:45.553'),
(332, 'LfPohjK', 'ksgBdlZ@ytNbAxZ.info', '$2a$10$2VgH126mrAeUySWQFYfVS.kOqIzj4KGOgaY6S4TNosnqcfdjjBCCW', '2025-08-08 06:59:45.614', '2025-08-08 06:59:45.614'),
(333, 'JksUcTA', 'ZasQXXM@DJjCMyh.net', '$2a$10$ZtfxIB6eUFZ64ZqfFbtw3.IkwcKr3mY0/RUh614IaTyiJ.g199WxC', '2025-08-08 06:59:45.670', '2025-08-08 06:59:45.670'),
(334, 'oMQxHpA', 'xYqYDAA@tYngOuN.net', '$2a$10$0pIu.MVOhd9ttyoMxaYsOew9UccRW7Hzlq0Lfd0cq.MGPsqJygKOW', '2025-08-08 06:59:45.725', '2025-08-08 06:59:45.725'),
(335, 'iCylUnm', 'VfdeCWQ@pWIptah.net', '$2a$10$QeFvAh9/yZ2OnF52CEuGW.XgBVq3nsZZw9654lFpqlp5uDm62BSRa', '2025-08-08 06:59:45.781', '2025-08-08 06:59:45.781'),
(336, 'QcDYIrc', 'SluHAPg@jLVxAGj.org', '$2a$10$55MRXDEppvCcuz3tbC35P.bzgQmeg.nKV7jwRUCkmsKv.nEI22fHC', '2025-08-08 06:59:45.837', '2025-08-08 06:59:45.837'),
(337, 'hAYNIsQ', 'fQTkYxJ@sHZGfRM.biz', '$2a$10$klvNv9JkqB2AEgxW4AhTdet.FRaIct8LSDIw0FO.32ronLougmMPm', '2025-08-08 07:00:14.461', '2025-08-08 07:00:14.461'),
(338, 'ECgGNao', 'EDvlOdP@WixkJle.ru', '$2a$10$M2Z2vol17Wsy4rGaXCBE8OBL9q9LTj74YLhEonhjw/ZURG9Uc1x36', '2025-08-08 07:00:14.513', '2025-08-08 07:00:14.513'),
(339, 'kICTtZY', 'usGpTHC@craBbgd.net', '$2a$10$iv2gSDhC86YNEfFZKSbEgOwNHHD3ElvDfsKN50H2HzHdOujxjL/Fy', '2025-08-08 07:00:14.566', '2025-08-08 07:00:14.566'),
(340, 'pXiYhdX', 'cijchNh@AMmjsNn.biz', '$2a$10$vf46OXD.luz5f2FV5J4W3OpBQH9EJs24DJDkBBSSCL3rZ0omL5uk2', '2025-08-08 07:00:14.619', '2025-08-08 07:00:14.619'),
(341, 'gnIBYxv', 'WfLFyTL@CHUPYOE.com', '$2a$10$c44Xs6rpktBFz4hmS9B0f.iH39imorLDVRml.WDYzedaU3Rc1JmZC', '2025-08-08 07:00:14.674', '2025-08-08 07:00:14.674'),
(342, 'mlZBamF', 'qeLFMoS@kWZaOvr.ru', '$2a$10$Gh6Uo/lJGaL6yIZx3ny.sunsC6NiUdQ2BeTS1C2YASU0tCLlTma0u', '2025-08-08 07:00:14.729', '2025-08-08 07:00:14.729'),
(343, 'ThBMwsN', 'SqhOwdW@XDIeEYZ.net', '$2a$10$7aEq99YnyJCYIxoMrSqEv.56WRfVEbvLPeh0DECl776lZ7j1e3Svu', '2025-08-08 07:00:14.785', '2025-08-08 07:00:14.785'),
(344, 'YpcuXxd', 'nSBcEdp@ebcTyfR.com', '$2a$10$8BLUAJSTiLvFP.3E/7qRyedQMzuR/VtlM9vSDDmL9r8U6i6asSPWi', '2025-08-08 07:00:14.840', '2025-08-08 07:00:14.840'),
(345, 'vSYLUZG', 'bTEHTpt@wWsIbup.net', '$2a$10$pmT5wU0ThhUl9h9OsVxmu.rcuGZklES4IhCKDnB2ltq1HfMkYfGze', '2025-08-08 07:00:14.894', '2025-08-08 07:00:14.894'),
(346, 'HRuvkgv', 'EcXvXtS@kZYwSgb.net', '$2a$10$f32QYwf/wqMO9LHREqBKWuVtAazkU3KZRV.teXYWMrwV3cpq6nJmy', '2025-08-08 07:00:14.946', '2025-08-08 07:00:14.946'),
(347, 'YpDHQCE', 'TnlnaAV@vgLtNNK.com', '$2a$10$.NUeXRLPwP7GMpKa5tIGfunaounDxyB.w3Sj1otdzmOKLTEOZ4Uiy', '2025-08-08 07:00:42.044', '2025-08-08 07:00:42.044'),
(348, 'YwRFIAH', 'rsPcPFJ@kWXCFmw.biz', '$2a$10$sPftLgGO/yym4o4rwcl5zeyLPctLztFJmVRXAvu1bevuDf2pxkYJO', '2025-08-08 07:00:42.101', '2025-08-08 07:00:42.101'),
(349, 'JQtZiOV', 'vLBYdaT@ZwOeBVB.org', '$2a$10$Bnt265Y/v/PWGNqd6lf05eZUv7A9suynF4n4/Wks6BM5vyqF6W2iq', '2025-08-08 07:00:42.166', '2025-08-08 07:00:42.166'),
(350, 'HexligE', 'PwAsGmj@IOLVRca.net', '$2a$10$QrXZ8seYBvhPTEvXcUNopuhnnTN6.u65tOLA3zOi/zSws4EW.k0ZS', '2025-08-08 07:00:42.226', '2025-08-08 07:00:42.226'),
(351, 'SmtEADy', 'SxQrrqY@nKdRJEf.org', '$2a$10$kVj9zGWrO6BjH0TDs8.EcehpdkI9U9ap1k19JJj1UqF7hmHRfJACy', '2025-08-08 07:00:42.285', '2025-08-08 07:00:42.285'),
(352, 'shhDwad', 'ZsCrccA@nSlCrGM.info', '$2a$10$Q3Jec5AF6GPx0w5lYh3u8ein8T7yLs/K72wKZ2SA6.UmrxecJRj6O', '2025-08-08 07:00:42.339', '2025-08-08 07:00:42.339'),
(353, 'pgIWCtR', 'ZwFtmub@PWRGCYe.org', '$2a$10$IVWR/GHIdEzSHJtjO9uhUuPLiNU/zo/7vvq0IgyD1IlLJ4g/Z8aDW', '2025-08-08 07:00:42.395', '2025-08-08 07:00:42.395'),
(354, 'lJqaHSJ', 'olnkwXe@aseIamB.com', '$2a$10$.14l5w7qCas4xqYW08IiFuSM4.VnhJhdDpMKxwvH.4mAENO6WGnai', '2025-08-08 07:00:42.449', '2025-08-08 07:00:42.449'),
(355, 'JoNCRVE', 'htMQyrl@jObqQbh.com', '$2a$10$k/vVQAZqgjgndaHw31NJOeb/MsnC86LNakVa2Pe379nAnE6e4TiSC', '2025-08-08 07:00:42.503', '2025-08-08 07:00:42.503'),
(356, 'fuxBrls', 'kfJtoro@KakOIFq.ru', '$2a$10$X4Kjjsjea4GiEtAxxrxouOPCKC7xOkmntj/N92bGp1WoKomB3zIdC', '2025-08-08 07:00:42.556', '2025-08-08 07:00:42.556'),
(357, 'nuoHitQ', 'CwTcJlb@yhOVSep.biz', '$2a$10$HlxXzuUpN6hVKkpVF9c2zu6frgjL6znMED7jGpyDTWjqWf0ROcXjW', '2025-08-08 07:00:47.849', '2025-08-08 07:00:47.849'),
(358, 'dByZtYQ', 'RphVPuG@LQIkYql.net', '$2a$10$mSAu31vrFgh0en2emTnk0OtY3soXRP2xuTby6nCbb2ZhizFCN4J1O', '2025-08-08 07:00:47.904', '2025-08-08 07:00:47.904'),
(359, 'lZmUKKt', 'NepBCgM@EsFsFrr.com', '$2a$10$JNTkjyYOwp12vhbeZxZWPewPtxYhhheECWFxWSMAjHW4TkJV68HTK', '2025-08-08 07:00:47.960', '2025-08-08 07:00:47.960'),
(360, 'JDOrggd', 'bsCvYKV@ePWAdKa.org', '$2a$10$13V/ZsOrNLeu5O3kMMwDBOXxTx5alAK3fx55VJtIv.khJTJNxyUK6', '2025-08-08 07:00:48.016', '2025-08-08 07:00:48.016'),
(361, 'yvbJpki', 'Ejuqpfd@nCiOreB.info', '$2a$10$hygOMYQ5HYDNXYwNiOj.DeTnfYgTsQo2rsZlrRhM1incuJNIdyiuO', '2025-08-08 07:00:48.072', '2025-08-08 07:00:48.072'),
(362, 'SIPFcqG', 'eTnISgi@DDLnVcP.net', '$2a$10$lqf5k29oz1fzfLQ2WFlO7OwQ/C0547hbPGJC8mbywugCnrWGr7rR2', '2025-08-08 07:00:48.128', '2025-08-08 07:00:48.128'),
(363, 'ZeLfLWZ', 'wgpAXeX@xXlsMZN.info', '$2a$10$5qAF1P/LmozKYPzTOPDwDe7F1BuOsco9234EhlR8BSVs.vsLHq0uW', '2025-08-08 07:00:48.182', '2025-08-08 07:00:48.182'),
(364, 'XvqAaKM', 'OdRrjOF@fvAFWQr.ru', '$2a$10$cWYvrUYgkUAmME8og7hnJO3jsjvoMBRTp2HmMJf67vPZBwDjN7era', '2025-08-08 07:00:48.235', '2025-08-08 07:00:48.235'),
(365, 'aBhEIhW', 'gGMkWUd@oVFaayi.biz', '$2a$10$WXiE8ZfMacDGNmsKvx6MQOunbG88SwGe6Klm3U8xcjKs2E00I8i8u', '2025-08-08 07:00:48.288', '2025-08-08 07:00:48.288'),
(366, 'lApCZaZ', 'uTOvXmB@xBvVFSR.info', '$2a$10$z2tJX7hUxnndvrm7fBxcy.ROv95Zqa4qCdrtGxexM6K2CN.r.B9q2', '2025-08-08 07:00:48.344', '2025-08-08 07:00:48.344'),
(367, 'CcBBCQe', 'SaNbtEc@hOgOsXq.net', '$2a$10$Wk4/6r/5g9.TlO9O1ioNaOU/CXz3XgGtLjhOVzE/iF7zGECNBHcJO', '2025-08-08 07:00:57.547', '2025-08-08 07:00:57.547'),
(368, 'AiCsKYr', 'PoPAdLe@NHNgZHq.biz', '$2a$10$6B6zEJDt1/bsk/F5iFpLz.hlBv.rOG1yDst4MvpronEdkzNbQFDyW', '2025-08-08 07:00:57.603', '2025-08-08 07:00:57.603'),
(369, 'JdIxGXX', 'ogoRthN@nhpmmdu.net', '$2a$10$pxuGvT/DiFOf8dV6A58uuOIdc4.PrqiQ.NZ3Pe18BHdRrDiqXtn42', '2025-08-08 07:00:57.664', '2025-08-08 07:00:57.664'),
(370, 'hiVuvwT', 'efByAQp@lnQmTUW.net', '$2a$10$b2GhDfKNO0VEWXHovflLg.MeOa0t7BsA/2OwhN3pPp2v.yLAsodue', '2025-08-08 07:00:57.725', '2025-08-08 07:00:57.725'),
(371, 'ONTvKbh', 'vZajRmq@TwbNRJY.biz', '$2a$10$/bR20.dLjC.UaEgxYKVN3ePZ.GnA9pI.wJSPoZeEDqhZg9nflSFjq', '2025-08-08 07:00:57.783', '2025-08-08 07:00:57.783'),
(372, 'JTZMIDn', 'GWgGQnN@PvkFWod.biz', '$2a$10$GH.LQjNlxUkCAzaoJPH8KOVJHV3yJApK1pZP.Io7UAyjh8Jx0mDY6', '2025-08-08 07:00:57.840', '2025-08-08 07:00:57.840'),
(373, 'fMgLKJA', 'WaJqisX@vZFNFYV.info', '$2a$10$ui5Fx.LbyhBG65MiO3Gbrew8okqTeIwkQYtKKJ2zapYJDLG5Y3a.S', '2025-08-08 07:00:57.893', '2025-08-08 07:00:57.893'),
(374, 'BghvQSX', 'tCwVWMd@RTmemNX.net', '$2a$10$w.DCwSjZCpUKQq0V8QQbneXH9JJtoV96FivXPb4/olnjiZ9QHNr52', '2025-08-08 07:00:57.946', '2025-08-08 07:00:57.946'),
(375, 'WjLSrZn', 'jpYBUGN@RgGQkDO.info', '$2a$10$4/1YHYkOmmN1ZtSYc/oGZuQ7yUiIA38Gy/IRtOsupvBdsOzM80zs2', '2025-08-08 07:00:58.002', '2025-08-08 07:00:58.002'),
(376, 'ElXkcRn', 'qbOHsah@eZqGlTr.ru', '$2a$10$VN1Os81c5o9PlAfC1dNjEuts1bb9uxJIr8kkOK8rjtu6Jgbfd9t.2', '2025-08-08 07:00:58.057', '2025-08-08 07:00:58.057'),
(377, 'kfyRQDw', 'crAEVke@rfdbIOP.com', '$2a$10$ypi.oRfzfPIM.J2EzHgYl.S/uD7/j0qrDamdwzzQRu2fxlCiM7Txi', '2025-08-08 07:00:59.520', '2025-08-08 07:00:59.520'),
(378, 'ACVWvTN', 'BilWycq@CTcRvyJ.org', '$2a$10$GGUc.TvbIg2z691KscyucONXk6mWvPHSy2IHFcl3GmimQUyQS4B..', '2025-08-08 07:00:59.582', '2025-08-08 07:00:59.582'),
(379, 'HJiQxDj', 'HWqwyYQ@NYUqSTx.com', '$2a$10$PNZFKOYfxs9i2KwZozlvxu8wIvA5RjrtAX6FYha4XB8wQiYlMDEy6', '2025-08-08 07:00:59.647', '2025-08-08 07:00:59.647'),
(380, 'DBNFVRG', 'gbjBNkA@vKyOecD.biz', '$2a$10$FeQLGbIoLX13dyw/a9fb7O/iLbK7Xn2ykQIgahY1Uo1Tp9pR1wML2', '2025-08-08 07:00:59.705', '2025-08-08 07:00:59.705'),
(381, 'AjVhBSU', 'xXAiTYj@hbLhyHn.org', '$2a$10$xRcdU25d5okyNtYKSL6Aj.upbWh/YXGJfNHUoXBR4e5pp5Fm9Mzsq', '2025-08-08 07:00:59.764', '2025-08-08 07:00:59.764'),
(382, 'tZZBmmA', 'OFCiIHQ@jvDnRnv.org', '$2a$10$9K8zGPSE9yBHg0wtJhdEDOiSIX3QpJdUkQAybOaP4tQInLM/J0HUu', '2025-08-08 07:00:59.820', '2025-08-08 07:00:59.820'),
(383, 'YHsQNIZ', 'nsIyBNh@YFXSbKj.info', '$2a$10$Yy4wdjpTuEytkaL7QGM9fO3s2vklsstNdU4ZzzWDH0303WBc7U3NK', '2025-08-08 07:00:59.876', '2025-08-08 07:00:59.876'),
(384, 'MRhaHxP', 'XSRZrkj@xtDwiHj.com', '$2a$10$9/lIZ1sgHcvz5r1wvmzsn./W3UEZM019/4Y2IRLuN6Ve4fLlOJW1u', '2025-08-08 07:00:59.931', '2025-08-08 07:00:59.931'),
(385, 'JqQdjfC', 'PPTmFih@miywMrL.info', '$2a$10$/wlwD0ZgpZ18ydnmxnR3Ze9txJBVBApPJDa4GIWBbiTX38l9jOwqO', '2025-08-08 07:00:59.987', '2025-08-08 07:00:59.987'),
(386, 'RhTgICh', 'LhDErhl@bKNQSVF.info', '$2a$10$RfDjYvI/BUEvaFe5tqsxlOrviRvYpED4hpQ7ln8XniglsvC.0CuZ.', '2025-08-08 07:01:00.043', '2025-08-08 07:01:00.043'),
(387, 'kxuMFQx', 'WKdWPcE@iAagbSS.org', '$2a$10$z/s.AibveDq.tBpbrTzs7uiUTXjd.9ctwFOwMtTsxwKef0Qgqe0x2', '2025-08-08 07:01:01.530', '2025-08-08 07:01:01.530'),
(388, 'spqRjSq', 'KUCcctD@vWwTrOT.biz', '$2a$10$SBu2v0Iy/Uazd3X0F3f6e.ZEzoYpb.KeqGgy055ffv69ax3uS4aJe', '2025-08-08 07:01:01.587', '2025-08-08 07:01:01.587'),
(389, 'BqGfVZq', 'voJFRMd@eGjvfQy.ru', '$2a$10$NOccrYC1OnatDpMOEDEGkeYIbSsZH9EiniVGhlYs66XYY9DYYeSlm', '2025-08-08 07:01:01.648', '2025-08-08 07:01:01.648'),
(390, 'yAKrPxl', 'DngKoii@IHuorLx.net', '$2a$10$N1eB/kS.yWFvn1EkLeYwX.5WY1zkvCKanvNm4gLHYvfyOTllL3RVO', '2025-08-08 07:01:01.706', '2025-08-08 07:01:01.706'),
(391, 'wrAtNbn', 'pSBkNVk@mVJevRO.com', '$2a$10$eh/2iaV180xm6zODKY5vjOxJY5xlLDsOkq5cIXY1HiY1EapHDGib.', '2025-08-08 07:01:01.764', '2025-08-08 07:01:01.764'),
(392, 'yDRXWDy', 'hXkGsZt@OChKHkJ.net', '$2a$10$bCpvB5sLLpl8Wt0TgK79puKk3S51rA/iq0wrUEGZn29Zs1sVVhRpy', '2025-08-08 07:01:01.821', '2025-08-08 07:01:01.821'),
(393, 'JrecqmN', 'bLfVrVE@DyhcXgO.net', '$2a$10$sxd8VC6wcmKPNfvk.B3xS.xCN9lgCYnLcdbyncG/yY7ElodfKv.dC', '2025-08-08 07:01:01.878', '2025-08-08 07:01:01.878'),
(394, 'npnkKPE', 'CbCWPQI@GGTmhju.biz', '$2a$10$j3Bevqnn57mIOFfBVYV0tuPX7lLkfI83pxibXkQ0YhpOS3sSynn32', '2025-08-08 07:01:01.934', '2025-08-08 07:01:01.934'),
(395, 'qpAPxdO', 'COuFBNN@EQdqwrn.biz', '$2a$10$JPhdizoFKcziUrzTz9qSt.AwGjnOU9GxfgFmvsX02OdHQ0MshmD6u', '2025-08-08 07:01:01.990', '2025-08-08 07:01:01.990'),
(396, 'XmXUVYi', 'VaTFKuJ@BdBXeQK.biz', '$2a$10$sscwPgwn5WFWpUC/eM5iZ.8BccUxNQoWHVgt/fJQ4P8Dhe9tzLmhq', '2025-08-08 07:01:02.047', '2025-08-08 07:01:02.047'),
(397, 'ooJLgod', 'HePUPyl@EHmBVBe.info', '$2a$10$i9Rn7nxpRDBBzofu/D.p9.b5R7goI2LPGB522zNcK/5em.K7nLuqu', '2025-08-09 05:38:54.664', '2025-08-09 05:38:54.664'),
(398, 'auMXEkK', 'nksHpca@SAkmiTT.biz', '$2a$10$fo/xQ7pevsVdw5vz0VXn8.46h4BOo3.cwI2qrBHdSgpttgEtNj6EK', '2025-08-09 05:38:54.716', '2025-08-09 05:38:54.716'),
(399, 'vMujpbR', 'dYtHSMv@wQvSmqn.com', '$2a$10$dvdyusQ/iED/hVuP68kNleMU1p..MUgqRKV3JNVYOumaEInZ9cIqa', '2025-08-09 05:38:54.769', '2025-08-09 05:38:54.769'),
(400, 'nwsKfFb', 'MYAPXwD@vNYFxbq.org', '$2a$10$UoVW7zOdWf90JCoLtOOzy.HCbcw5w0BKQXJ5n8QNEgbFM0aB37oIC', '2025-08-09 05:38:54.821', '2025-08-09 05:38:54.821'),
(401, 'hnTRWCN', 'TYcEXfx@KBatyKt.org', '$2a$10$TczM3Fizol1cdVUqM7CxqOtFg1S6kY60byYuH18xjjjmdKxZAjucq', '2025-08-09 05:38:54.874', '2025-08-09 05:38:54.874'),
(402, 'nQOqhJc', 'uZQskuj@vbvxnjA.biz', '$2a$10$6Em/NRVRRx3kH5JRzm6rve/9H81loDUO8uDvaAmtGxW0/xTkcmC0K', '2025-08-09 05:38:54.927', '2025-08-09 05:38:54.927'),
(403, 'LeasdJJ', 'pfjSelc@YeKWlwd.org', '$2a$10$0I2V4MPi8PNkBwoA0R/7f.GvMBw2yqFfvdWXztn1sMLadAvecUkiW', '2025-08-09 05:38:54.980', '2025-08-09 05:38:54.980'),
(404, 'vlFkMAM', 'wymEQaY@VqINmOO.biz', '$2a$10$xyQTgJdbQf4NDutzOh.xQeWdCRfFVmm7GPzT.iNh6qfb6xd6JXoGu', '2025-08-09 05:38:55.033', '2025-08-09 05:38:55.033'),
(405, 'SFeqIpi', 'RnmQNsx@tJCUvsk.biz', '$2a$10$oEPwL5KqrpNKmzU1k/LG7OolwBkAzt2LIyS1kmLXjdY7uOFL/MXFe', '2025-08-09 05:38:55.085', '2025-08-09 05:38:55.085'),
(406, 'vrTIBAs', 'oyuVkoB@uWOMMkW.biz', '$2a$10$ye3Tb/QYY0FAu4l0jfbnpuQp1TS4YvRXwQDLeI1fUjnOm3kI1T4JW', '2025-08-09 05:38:55.137', '2025-08-09 05:38:55.137'),
(407, 'MBEgVfu', 'EHhGuqr@egNarXl.info', '$2a$10$Pjciu9CmoX7Ga0t6Q1JygO.4BVm9U.pnnrzsJZ1wYaM/kzDLkhfEu', '2025-08-09 05:39:10.373', '2025-08-09 05:39:10.373'),
(408, 'CfZcGyQ', 'TImLsUH@Hsidcjm.org', '$2a$10$JC6MygHEvUV04iPYnuOzluj1JewSKN03ihG7e.IETE6EYB2ZstQLW', '2025-08-09 05:39:10.434', '2025-08-09 05:39:10.434'),
(409, 'uQZjIHf', 'MuxDdnL@wyPFBah.ru', '$2a$10$xdKAnhAy3jIHWTEXQq3lLu8oj5butNW4/RuKesBiIMi072.9cChuq', '2025-08-09 05:39:10.491', '2025-08-09 05:39:10.491'),
(410, 'GBnsXBG', 'WprvpHG@EpaaGYQ.info', '$2a$10$0OU2YH14jjE7PqM9Qf8soO6zs7ZDqskxmPTzT1PUb19XhvlbRVvxi', '2025-08-09 05:39:10.548', '2025-08-09 05:39:10.548'),
(411, 'uRkLBxY', 'ZRkTLFu@RNYeqUC.ru', '$2a$10$Swnb1gzNYDT36qWcaRBBd.wwWzP860kB8yZi6qspQ0IQldljYb4RW', '2025-08-09 05:39:10.605', '2025-08-09 05:39:10.605'),
(412, 'vQmTPXX', 'kFrXNwt@KeTkjXM.info', '$2a$10$79jTTta73UHvjf9R9Xrcvu3wbaI945B2S5s6I8HOzuHswVziIpXpa', '2025-08-09 05:39:10.660', '2025-08-09 05:39:10.660'),
(413, 'ofnwRvN', 'eIxdRDa@aIiUwFs.net', '$2a$10$ll3ALoOM2gO4XG99753xXe6kxpblC5/S7ITeovAaZJRGx28lofJ4m', '2025-08-09 05:39:10.715', '2025-08-09 05:39:10.715'),
(414, 'jqibygm', 'DxyjtqW@PalxaYo.biz', '$2a$10$vD8O6HPiB7DV0ol3doNoJ.YLEJ0uA6ZmQaqGSQOqcltK/o5OorBNq', '2025-08-09 05:39:10.769', '2025-08-09 05:39:10.769'),
(415, 'CPKpLfD', 'ChQwwak@JRSBpnk.ru', '$2a$10$gSsU8By9uQSyEf8Y94YMb.gdtOdD8gQD0iNgU4opDs9QEjdZn1bmC', '2025-08-09 05:39:10.824', '2025-08-09 05:39:10.824'),
(416, 'dyrXCpK', 'sthZgpp@NOioOES.ru', '$2a$10$P5RXYY.yOb4BKC7RmVaPAuMLef6kg6fSQJVNDGvCAHhQ10xoErnAu', '2025-08-09 05:39:10.879', '2025-08-09 05:39:10.879'),
(417, 'Dimas Prasetya', 'dimas56@gmail.com', '$2a$10$F9Iy.81lpQT8SiWfNH280OWpzDTisdEHbiiFDJlr1cAoUIqobB2hC', '2025-08-10 08:39:52.097', '2025-08-10 08:39:52.097'),
(420, 'Dimas Prasetya', 'dimas5690001@gmail.com', '$2a$10$GPlmlVlwZJRuX8YDorZP6.txasCRKRjc0XQG7INgxWeunH548OOE2', '2025-08-10 11:16:14.527', '2025-08-10 11:16:14.527'),
(422, 'Dimas Prasetya', 'dimas569000125@gmail.com', '$2a$10$H4KtmbHoiqyh5LG21FXiSOFH3QeEGdhGbgEyYtrFmPzYXeYBJCYf2', '2025-08-10 11:18:30.988', '2025-08-10 11:18:30.988'),
(424, 'Dimas Prasetya', 'dimas56901@gmail.com', '$2a$10$k3w3R3eBGuIENcUgHPZ1OeviP7SAl.xHXfJvInTfParLlSZni2yty', '2025-08-12 04:02:35.507', '2025-08-12 04:02:35.507');

--
-- Indexes for dumped tables
--

--
-- Indexes for table `categories`
--
ALTER TABLE `categories`
  ADD PRIMARY KEY (`id`),
  ADD UNIQUE KEY `uni_categories_slug` (`slug`);

--
-- Indexes for table `posts`
--
ALTER TABLE `posts`
  ADD PRIMARY KEY (`id`),
  ADD UNIQUE KEY `uni_posts_slug` (`slug`),
  ADD KEY `fk_posts_category` (`category_id`),
  ADD KEY `fk_posts_users` (`user_id`);

--
-- Indexes for table `post_tags`
--
ALTER TABLE `post_tags`
  ADD KEY `fk_post_tags_tags` (`tag_id`),
  ADD KEY `fk_post_tags_posts` (`post_id`);

--
-- Indexes for table `tags`
--
ALTER TABLE `tags`
  ADD PRIMARY KEY (`id`),
  ADD UNIQUE KEY `uni_tags_slug` (`slug`);

--
-- Indexes for table `users`
--
ALTER TABLE `users`
  ADD PRIMARY KEY (`id`),
  ADD UNIQUE KEY `uni_users_email` (`email`);

--
-- AUTO_INCREMENT for dumped tables
--

--
-- AUTO_INCREMENT for table `categories`
--
ALTER TABLE `categories`
  MODIFY `id` bigint(20) UNSIGNED NOT NULL AUTO_INCREMENT, AUTO_INCREMENT=389;

--
-- AUTO_INCREMENT for table `posts`
--
ALTER TABLE `posts`
  MODIFY `id` bigint(20) UNSIGNED NOT NULL AUTO_INCREMENT, AUTO_INCREMENT=100;

--
-- AUTO_INCREMENT for table `tags`
--
ALTER TABLE `tags`
  MODIFY `id` bigint(20) UNSIGNED NOT NULL AUTO_INCREMENT, AUTO_INCREMENT=3;

--
-- AUTO_INCREMENT for table `users`
--
ALTER TABLE `users`
  MODIFY `id` bigint(20) UNSIGNED NOT NULL AUTO_INCREMENT, AUTO_INCREMENT=425;

--
-- Constraints for dumped tables
--

--
-- Constraints for table `posts`
--
ALTER TABLE `posts`
  ADD CONSTRAINT `fk_posts_category` FOREIGN KEY (`category_id`) REFERENCES `categories` (`id`),
  ADD CONSTRAINT `fk_posts_users` FOREIGN KEY (`user_id`) REFERENCES `users` (`id`);

--
-- Constraints for table `post_tags`
--
ALTER TABLE `post_tags`
  ADD CONSTRAINT `fk_post_tags_posts` FOREIGN KEY (`post_id`) REFERENCES `posts` (`id`) ON DELETE CASCADE,
  ADD CONSTRAINT `fk_post_tags_tags` FOREIGN KEY (`tag_id`) REFERENCES `tags` (`id`);
COMMIT;

/*!40101 SET CHARACTER_SET_CLIENT=@OLD_CHARACTER_SET_CLIENT */;
/*!40101 SET CHARACTER_SET_RESULTS=@OLD_CHARACTER_SET_RESULTS */;
/*!40101 SET COLLATION_CONNECTION=@OLD_COLLATION_CONNECTION */;
